,c0,c1,c2,c3,c4,c5,c6,c7,c8,c9,c10,c11,c12,c13,c14,c15,c16,c17,c18,c19,c20,c21,c22,c23,c24,c25,c26,c27,c28,c29
L19.TTTGTCATCCTACAGA-1,2,2,2,2,2,0,2,2,2,2,2,2,2,2,2,2,2,0,2,2,2,2,2,0,0,2,0,-1,-1,-1
L19.TTTGTCACAGGATCGA-1,2,2,2,2,2,0,2,2,2,2,2,2,2,2,2,2,2,0,2,2,2,2,2,0,2,2,0,-1,-1,-1
L19.TTTGGTTGTGCGGTAA-1,2,2,3,3,3,2,3,3,3,-1,-1,-1,3,2,2,3,3,2,2,2,3,3,3,2,3,3,2,2,0,2
L19.TTTGGTTGTCAAACTC-1,2,2,2,2,2,0,2,2,2,-1,-1,-1,2,2,2,2,2,3,2,2,2,2,2,0,0,2,0,-1,-1,-1
L19.TTTGCGCTCCACGAAT-1,2,2,2,2,2,0,2,2,2,-1,-1,-1,2,2,2,2,2,0,2,2,2,2,2,0,0,2,0,-1,-1,-1
L19.TTTCCTCCATGTAAGA-1,2,2,2,2,2,0,2,2,2,2,2,2,2,2,2,2,2,0,2,2,2,2,2,0,4,2,0,-1,-1,-1
L19.TTTATGCAGCAGCCTC-1,2,2,3,-1,-1,-1,3,3,3,-1,-1,-1,3,2,2,3,3,2,-1,-1,-1,3,3,2,3,3,2,2,0,2
L19.TTTACTGTCTCAACTT-1,2,2,2,2,2,0,2,2,2,2,2,2,2,2,2,2,2,0,2,2,2,2,2,0,0,4,3,-1,-1,-1
L19.TTGTAGGCACATCCAA-1,2,2,2,2,2,0,2,2,2,2,2,2,2,2,2,2,2,0,2,2,2,2,2,3,5,2,0,-1,-1,-1
L19.TTGTAGGAGTGCTGCC-1,2,2,2,2,2,0,2,2,2,2,2,2,2,2,2,2,2,0,2,2,2,2,2,0,0,2,0,0,0,0
L19.TTGTAGGAGGAATGGA-1,-1,-1,-1,3,3,2,3,3,3,-1,-1,-1,3,2,2,3,3,2,2,2,3,3,3,2,-1,-1,-1,2,0,2
L19.TTGTAGGAGAGCTGGT-1,2,2,2,2,2,3,2,2,2,2,2,2,2,2,2,2,2,0,2,2,2,2,2,4,0,2,0,-1,-1,-1
L19.TTGGCAATCGCGTAGC-1,2,2,2,2,2,4,2,2,2,2,2,2,2,2,2,2,2,0,2,2,2,2,2,0,-1,-1,-1,-1,-1,-1
L19.TTGGCAATCACGCGGT-1,2,2,2,2,2,0,2,2,2,2,2,2,2,2,2,2,2,0,2,2,2,2,2,0,-1,-1,-1,-1,-1,-1
L19.TTGGCAAAGTGGACGT-1,2,2,0,2,2,5,2,2,2,2,2,2,2,2,2,2,2,0,2,2,2,-1,-1,-1,-1,-1,-1,-1,-1,-1
L19.TTGGAACGTTCCATGA-1,2,2,4,2,2,3,4,2,2,-1,-1,-1,2,2,2,2,2,0,2,2,2,2,2,4,3,5,0,-1,-1,-1
L19.TTGCGTCTCCATGAGT-1,2,2,2,2,2,0,5,2,2,-1,-1,-1,4,2,2,2,2,0,2,2,2,2,2,5,0,6,0,-1,-1,-1
L19.TTGCGTCCATCCCATC-1,2,2,2,2,2,0,2,2,2,2,2,2,2,2,2,2,2,0,2,2,2,2,2,0,6,2,0,-1,-1,-1
L19.TTGCCGTGTCAGATAA-1,2,2,3,3,3,2,3,3,3,3,2,0,3,2,2,3,3,2,2,2,3,3,3,2,4,3,2,2,0,2
L19.TTGCCGTGTACTCTCC-1,2,2,3,3,3,2,3,3,3,-1,-1,-1,3,2,2,3,3,2,3,2,3,3,3,2,3,3,2,2,0,2
L19.TTGACTTAGCCAACAG-1,2,2,2,2,2,0,2,2,2,2,2,2,2,2,2,2,2,4,2,2,2,2,2,0,0,2,0,-1,-1,-1
L19.TTGAACGTCCGGCACA-1,2,2,5,2,2,3,4,2,2,2,2,2,2,2,2,2,2,0,2,2,2,2,2,0,-1,-1,-1,-1,-1,-1
L19.TTGAACGGTCCTCCAT-1,3,3,6,-1,-1,-1,2,4,4,3,3,3,5,3,3,2,4,0,4,3,4,-1,-1,-1,2,7,4,3,0,0
L19.TTGAACGAGCTGAACG-1,-1,-1,-1,2,2,0,2,2,2,2,2,2,2,2,2,2,2,3,2,2,2,2,2,0,0,2,0,-1,-1,-1
L19.TTCTTAGGTCTCACCT-1,2,2,3,3,3,2,3,3,3,3,2,0,3,2,2,3,3,2,2,2,3,3,3,2,3,3,2,2,0,2
L19.TTCTTAGCACTACAGT-1,2,2,2,2,2,6,2,2,2,2,2,2,2,2,2,2,2,0,2,2,2,2,2,0,0,2,0,-1,-1,-1
L19.TTCTCCTGTACCTACA-1,2,2,2,2,2,0,2,2,2,2,2,2,2,2,2,2,2,5,2,2,2,2,2,0,0,2,0,-1,-1,-1
L19.TTCTCAAAGTCATCCA-1,0,4,0,4,4,7,6,5,0,2,4,4,0,2,2,2,5,6,-1,-1,-1,4,4,2,-1,-1,-1,2,0,3
L19.TTCTACACATCAGTAC-1,2,2,2,2,2,0,2,2,2,2,2,2,2,2,2,2,2,0,2,2,2,-1,-1,-1,5,2,0,-1,-1,-1
L19.TTCGGTCGTCGACTAT-1,2,2,5,2,2,3,4,2,2,2,2,2,2,2,2,2,2,0,2,2,2,2,2,2,3,5,0,-1,-1,-1
L19.TTCGAAGCATTTCAGG-1,2,2,2,2,2,8,2,2,2,2,2,2,2,2,2,2,2,0,2,2,2,2,2,0,0,2,0,-1,-1,-1
L19.TTCGAAGCAGCTGTTA-1,2,2,2,2,2,9,2,2,2,2,2,2,2,2,2,2,2,6,2,2,2,2,2,0,0,2,0,-1,-1,-1
L19.TTCCCAGGTGGTTTCA-1,2,2,2,2,2,0,2,2,2,2,2,2,2,2,2,2,2,0,2,2,2,2,2,0,7,2,0,-1,-1,-1
L19.TTCCCAGGTGCCTGCA-1,2,2,2,2,2,0,2,2,2,2,2,2,2,2,2,-1,-1,-1,2,2,2,2,2,6,4,2,0,-1,-1,-1
L19.TTCCCAGAGACACGAC-1,2,2,2,2,2,0,2,2,2,2,2,2,2,2,2,2,2,0,2,2,2,2,2,7,0,2,0,-1,-1,-1
L19.TTATGCTCACGAAATA-1,2,2,2,2,2,0,2,2,2,2,2,2,2,2,2,2,2,0,2,2,2,2,2,2,0,2,0,-1,-1,-1
L19.TTAGTTCGTCTACCTC-1,2,2,2,2,2,0,2,2,2,2,2,2,2,2,2,2,2,7,2,2,2,2,2,0,0,2,0,-1,-1,-1
L19.TTAACTCTCTTAGCCC-1,2,2,2,2,2,0,2,2,2,2,2,2,2,2,2,2,2,0,2,2,2,2,2,0,8,2,0,-1,-1,-1
L19.TTAACTCCAGGTCTCG-1,2,2,2,2,2,10,2,2,2,2,2,2,2,2,2,2,2,0,2,2,2,2,2,0,4,2,0,-1,-1,-1
L19.TTAACTCAGCTAGTTC-1,2,2,2,2,2,6,0,2,2,2,2,2,4,2,2,2,2,8,2,2,2,2,2,5,4,6,0,-1,-1,-1
L19.TGTGTTTGTAAGAGAG-1,2,2,2,2,2,0,2,2,2,2,2,2,2,2,2,2,2,9,2,2,2,2,2,0,0,2,0,-1,-1,-1
L19.TGTGGTAGTCAGAGGT-1,2,2,2,2,2,0,2,2,2,2,2,2,2,2,2,2,2,0,2,2,2,2,2,8,0,2,0,-1,-1,-1
L19.TGTCCCACAGACGCTC-1,2,2,2,2,2,11,2,2,2,2,2,2,2,2,2,2,2,0,2,2,2,2,2,0,0,2,0,-1,-1,-1
L19.TGTATTCTCAGTTCGA-1,2,2,2,2,2,0,2,2,2,2,2,2,-1,-1,-1,2,2,0,2,2,2,2,2,0,0,2,0,-1,-1,-1
L19.TGTATTCAGAGGTAGA-1,2,2,2,2,2,12,2,2,2,2,2,2,2,2,2,2,2,0,2,2,2,2,2,0,4,2,0,-1,-1,-1
L19.TGGTTCCGTTATGCGT-1,2,2,0,5,5,13,7,6,5,4,2,0,3,2,2,2,3,10,2,2,5,-1,-1,-1,4,8,0,4,2,4
L19.TGGGCGTGTTTGTGTG-1,2,2,5,2,2,14,4,2,2,2,2,2,2,2,2,2,2,6,2,2,2,2,2,0,3,5,5,-1,-1,-1
L19.TGGGCGTGTAACGCGA-1,2,2,2,2,2,7,2,2,2,2,2,2,4,2,2,2,2,0,2,2,2,2,2,5,4,6,0,-1,-1,-1
L19.TGGGCGTAGATGTGGC-1,2,2,2,2,2,0,0,2,2,2,2,2,2,2,2,2,2,0,2,2,2,-1,-1,-1,-1,-1,-1,-1,-1,-1
L19.TGGCTGGTCAGAGACG-1,3,3,0,6,6,15,8,7,6,5,5,5,5,3,3,4,4,0,4,3,4,5,5,9,2,2,6,3,0,5
L19.TGGCTGGGTAATCACC-1,2,2,3,3,3,2,3,3,3,3,2,6,3,2,2,3,3,2,2,2,3,3,3,2,3,3,2,2,0,2
L19.TGGCGCATCCATGAAC-1,2,2,3,3,3,2,3,3,3,-1,-1,-1,3,2,2,3,3,2,2,2,3,3,3,2,-1,-1,-1,2,0,2
L19.TGCTACCTCAAGGCTT-1,2,2,2,2,2,0,2,2,2,2,2,2,2,2,2,2,2,11,2,2,2,2,2,0,-1,-1,-1,-1,-1,-1
L19.TGCTACCGTCTTCGTC-1,2,2,2,2,2,0,2,2,2,2,2,2,2,2,2,-1,-1,-1,2,2,2,2,2,0,0,2,0,-1,-1,-1
L19.TGCTACCGTCCTCCAT-1,2,2,0,2,2,0,-1,-1,-1,2,2,2,2,2,2,2,2,0,2,2,2,-1,-1,-1,3,9,0,-1,-1,-1
L19.TGCTACCAGCAGGTCA-1,2,2,2,2,2,16,2,2,2,2,2,2,2,2,2,-1,-1,-1,-1,-1,-1,2,2,10,0,2,0,-1,-1,-1
L19.TGCGTGGCAGCTTAAC-1,2,2,2,2,2,0,2,2,2,2,2,2,2,2,2,2,2,0,2,2,6,2,2,0,-1,-1,-1,-1,-1,-1
L19.TGCGTGGAGAATAGGG-1,2,2,0,5,5,13,7,6,5,4,2,0,3,2,2,2,3,0,2,2,5,-1,-1,-1,4,8,0,4,2,4
L19.TGCGCAGCACAGGCCT-1,0,4,7,4,4,6,6,5,7,2,4,4,0,2,2,2,5,6,-1,-1,-1,4,4,2,9,10,7,2,0,3
L19.TGCCCTATCCCTGACT-1,2,2,2,2,2,0,2,2,2,2,2,2,2,2,2,2,2,0,2,2,2,2,2,11,10,2,0,-1,-1,-1
L19.TGCCAAACACGCATCG-1,2,2,2,2,2,0,2,2,2,2,2,2,2,2,2,2,2,11,2,2,2,2,2,0,0,2,0,-1,-1,-1
L19.TGCACCTTCAATCACG-1,2,2,2,2,2,0,2,2,2,2,2,2,2,2,2,2,2,0,2,2,2,2,2,0,11,2,0,-1,-1,-1
L19.TGCACCTGTGGTCTCG-1,2,2,2,2,2,17,2,2,2,2,2,2,2,2,2,2,2,0,2,2,2,2,2,0,0,2,0,-1,-1,-1
L19.TGCACCTGTGGTACAG-1,2,2,2,2,2,0,2,2,2,2,2,2,2,2,2,2,2,0,2,2,2,2,2,4,12,2,0,-1,-1,-1
L19.TGCACCTGTGAGGGAG-1,-1,-1,-1,2,2,0,2,2,2,2,2,2,2,2,2,2,2,0,2,2,2,2,2,0,0,2,0,-1,-1,-1
L19.TGATTTCGTTGTACAC-1,2,2,2,2,2,0,-1,-1,-1,2,2,2,6,2,2,2,2,0,2,2,2,-1,-1,-1,-1,-1,-1,-1,-1,-1
L19.TGATTTCCATGCATGT-1,2,2,2,2,2,0,2,2,2,2,2,2,2,2,2,2,2,0,2,2,2,-1,-1,-1,-1,-1,-1,-1,-1,-1
L19.TGAGGGAGTAGGAGTC-1,2,2,2,2,2,18,2,2,2,2,2,2,2,2,2,2,2,0,2,2,2,2,2,0,0,2,0,-1,-1,-1
L19.TGAGGGACACCTATCC-1,2,2,2,2,2,0,2,2,2,2,2,2,2,2,2,2,2,0,2,2,2,2,2,12,4,2,0,-1,-1,-1
L19.TGAGGGAAGCGAGAAA-1,-1,-1,-1,2,2,19,4,2,2,2,2,2,2,2,2,-1,-1,-1,2,2,2,2,2,0,3,11,0,-1,-1,-1
L19.TGAGCCGCAAACTGTC-1,2,2,3,3,3,2,-1,-1,-1,-1,-1,-1,3,2,2,3,3,2,2,2,3,3,3,2,-1,-1,-1,2,0,2
L19.TGAGCATAGCCGCCTA-1,0,4,7,4,4,6,6,5,0,2,4,4,0,2,2,2,5,6,-1,-1,-1,4,4,2,9,10,7,2,0,3
L19.TGAGAGGTCGGCGCAT-1,2,2,2,2,2,20,2,2,2,2,2,2,2,2,2,2,2,0,2,2,2,2,2,0,0,2,0,-1,-1,-1
L19.TGAGAGGAGAGTGAGA-1,2,2,2,2,2,6,2,2,2,2,2,2,2,2,2,2,2,0,2,2,2,2,2,0,13,2,0,-1,-1,-1
L19.TGAGAGGAGACTCGGA-1,-1,-1,-1,2,2,21,2,2,2,2,2,2,2,2,2,2,2,0,2,2,2,2,2,0,3,3,2,-1,-1,-1
L19.TGACTTTTCTCTTATG-1,2,2,2,2,2,0,2,2,2,2,2,2,2,2,2,2,2,0,2,2,2,-1,-1,-1,0,2,0,-1,-1,-1
L19.TGACTTTTCCTACAGA-1,2,2,2,2,2,22,0,2,2,2,2,2,4,2,2,2,2,12,2,2,2,2,2,5,4,6,0,-1,-1,-1
L19.TGACTTTAGGAGTTTA-1,2,2,2,2,2,7,2,2,2,2,2,2,2,2,2,2,2,0,2,2,2,2,2,0,0,2,0,-1,-1,-1
L19.TGACGGCGTAGATTAG-1,2,2,5,2,2,3,4,2,2,2,2,2,2,2,2,2,2,0,2,2,2,2,2,2,3,12,0,-1,-1,-1
L19.TGACGGCAGTTCCACA-1,2,2,0,2,2,23,4,2,2,2,2,2,2,2,2,2,2,13,2,2,2,2,2,13,3,0,0,-1,-1,-1
L19.TGACGGCAGGCATGGT-1,2,2,2,2,2,24,2,2,2,2,2,2,2,2,2,2,2,0,2,2,2,2,2,0,0,2,0,-1,-1,-1
L19.TGAAAGAAGTACTTGC-1,2,2,2,2,2,0,2,2,2,2,2,2,7,2,2,-1,-1,-1,2,2,2,2,2,0,0,2,0,-1,-1,-1
L19.TCTTTCCAGCTAGTTC-1,-1,-1,-1,2,2,0,2,2,2,2,2,2,-1,-1,-1,2,2,6,2,2,2,2,2,0,4,2,0,-1,-1,-1
L19.TCTTCGGGTCTCGTTC-1,2,2,2,2,2,0,2,2,2,2,2,2,2,2,2,2,2,14,2,2,2,2,2,0,-1,-1,-1,-1,-1,-1
L19.TCTCATAGTCTCTTAT-1,2,2,2,-1,-1,-1,2,2,2,2,2,2,2,2,2,2,2,0,2,2,2,-1,-1,-1,-1,-1,-1,-1,-1,-1
L19.TCTCATAAGACGCTTT-1,2,2,2,2,2,0,2,2,2,2,2,2,2,2,2,2,2,11,2,2,2,2,2,14,0,2,0,-1,-1,-1
L19.TCTATTGCATGTCTCC-1,2,2,2,2,2,25,9,2,2,2,2,2,4,2,2,2,2,15,2,2,2,2,2,5,4,6,0,-1,-1,-1
L19.TCGTAGAAGCGTGTCC-1,2,2,2,2,2,0,2,2,2,2,2,2,2,2,2,2,2,0,2,2,2,-1,-1,-1,4,2,0,-1,-1,-1
L19.TCGTACCAGTTGTCGT-1,2,2,2,2,2,26,2,2,2,2,2,2,2,2,2,2,2,16,2,2,2,2,2,2,0,2,0,-1,-1,-1
L19.TCGGTAAGTGTAAGTA-1,2,2,2,2,2,0,2,2,2,2,2,2,4,2,2,2,2,8,2,2,2,2,2,5,4,6,0,-1,-1,-1
L19.TCGGTAACAGACAAAT-1,0,4,0,4,4,0,6,5,0,2,4,4,0,2,2,2,5,6,-1,-1,-1,6,4,2,9,10,7,2,0,3
L19.TCGGTAAAGCTCCTTC-1,2,2,2,2,2,27,2,2,2,2,2,2,2,2,2,5,2,17,2,2,2,-1,-1,-1,4,2,0,-1,-1,-1
L19.TCGGGACGTTTAGCTG-1,0,4,7,4,4,0,6,5,0,2,4,4,0,2,2,6,5,6,-1,-1,-1,4,4,2,9,10,7,2,0,3
L19.TCGGGACGTTGATTCG-1,0,4,7,4,4,0,6,5,0,2,4,4,0,2,2,2,5,6,-1,-1,-1,4,4,2,9,10,7,2,0,3
L19.TCGCGTTTCCAAAGTC-1,-1,-1,-1,2,2,7,2,2,2,2,2,2,-1,-1,-1,2,2,0,2,2,2,2,2,0,-1,-1,-1,-1,-1,-1
L19.TCGCGAGTCTCCAGGG-1,0,4,0,4,4,0,6,5,0,2,4,4,0,2,2,2,5,6,-1,-1,-1,4,4,2,9,10,7,2,0,3
L19.TCGCGAGGTCTGCCAG-1,2,2,2,2,2,0,2,2,2,-1,-1,-1,2,2,2,2,2,0,2,2,2,-1,-1,-1,0,2,0,-1,-1,-1
L19.TCCCGATCACTTGGAT-1,-1,-1,-1,2,2,28,4,2,2,2,2,2,2,2,2,2,2,0,2,2,2,-1,-1,-1,3,13,0,-1,-1,-1
L19.TCCCGATAGGCCCGTT-1,2,2,2,2,2,0,2,2,2,2,2,2,2,2,2,2,2,0,2,2,2,2,2,15,0,2,0,-1,-1,-1
L19.TCATTTGCAATTGCTG-1,-1,-1,-1,2,2,7,4,2,2,-1,-1,-1,2,2,2,2,2,0,2,2,2,-1,-1,-1,-1,-1,-1,-1,-1,-1
L19.TCATTTGAGCGGCTTC-1,3,3,6,-1,-1,-1,2,4,4,3,3,3,5,3,3,6,4,6,4,3,4,-1,-1,-1,2,7,4,3,0,0
L19.TCATTACTCGTTTATC-1,2,2,2,2,2,7,2,2,2,2,2,2,2,2,2,2,2,0,2,2,2,2,2,16,0,2,0,-1,-1,-1
L19.TCATTACTCGAATCCA-1,2,2,2,2,2,0,2,2,2,2,2,2,2,2,2,2,2,6,2,2,2,2,2,0,4,2,0,-1,-1,-1
L19.TCATTACGTATTCTCT-1,2,2,0,2,2,3,10,2,2,2,2,2,2,2,2,7,2,6,2,2,2,2,2,2,3,5,6,-1,-1,-1
L19.TCAGGTATCTTTAGGG-1,2,2,2,2,2,0,2,2,2,2,2,2,2,2,2,2,2,0,2,2,2,2,2,0,14,2,0,-1,-1,-1
L19.TCAGGTACAGTAAGCG-1,2,2,2,2,2,0,2,2,2,2,2,2,2,2,2,2,2,6,2,2,2,2,2,0,0,2,0,-1,-1,-1
L19.TCAGGATGTCGCTTTC-1,2,2,3,3,3,2,3,3,3,-1,-1,-1,3,2,2,3,3,2,2,2,3,3,3,2,4,3,2,2,0,2
L19.TCAGCAACACCATGTA-1,2,2,5,2,2,24,4,2,2,2,2,2,2,2,2,2,2,0,2,2,2,2,2,17,3,0,0,-1,-1,-1
L19.TCAGATGTCTACTCAT-1,2,2,8,5,5,13,7,6,5,4,2,7,3,2,2,2,3,11,2,2,5,-1,-1,-1,4,8,0,4,2,4
L19.TCAGATGTCACGAAGG-1,2,2,5,2,2,3,-1,-1,-1,2,2,2,2,2,2,-1,-1,-1,2,2,2,2,2,0,3,14,0,-1,-1,-1
L19.TCAGATGCACGGTAGA-1,2,2,2,2,2,0,2,2,2,2,2,2,2,2,2,2,2,0,2,2,2,2,2,18,0,2,0,-1,-1,-1
L19.TCAGATGCACACATGT-1,2,2,5,2,2,3,4,2,2,2,2,2,2,2,2,7,2,6,2,2,2,2,2,17,-1,-1,-1,-1,-1,-1
L19.TCACGAACAGCTCGCA-1,2,2,2,2,2,0,2,2,2,2,2,2,2,2,2,2,2,0,2,2,2,2,2,0,0,2,8,-1,-1,-1
L19.TCACGAAAGAGACGAA-1,2,2,2,2,2,0,2,2,2,2,2,2,2,2,2,2,2,0,2,2,2,2,2,18,15,2,0,-1,-1,-1
L19.TCACGAAAGAATGTGT-1,-1,-1,-1,2,2,0,2,2,2,-1,-1,-1,2,2,2,-1,-1,-1,2,2,2,2,2,0,-1,-1,-1,-1,-1,-1
L19.TCACAAGTCTGCCAGG-1,-1,-1,-1,3,3,2,3,3,3,-1,-1,-1,3,2,2,3,3,2,2,2,3,3,3,2,3,3,2,2,0,2
L19.TCACAAGGTTCGGCAC-1,2,2,2,2,2,0,2,2,2,2,2,2,2,2,2,2,2,0,2,2,2,2,2,0,16,2,0,-1,-1,-1
L19.TCAATCTTCAACTCTT-1,2,2,5,2,2,7,4,2,2,2,2,2,2,2,2,2,2,0,2,2,2,2,2,0,3,14,9,-1,-1,-1
L19.TCAACGATCAGCTGGC-1,2,2,3,3,3,2,3,3,3,-1,-1,-1,-1,-1,-1,3,3,2,2,2,3,3,3,2,-1,-1,-1,2,0,2
L19.TCAACGACATCTCCCA-1,2,2,2,2,2,0,2,2,2,2,2,2,2,2,2,2,2,0,2,2,2,2,2,0,17,2,0,-1,-1,-1
L19.TATTACCGTTAAGAAC-1,2,2,2,2,2,0,2,2,2,2,2,2,2,2,2,2,2,0,2,2,2,2,2,2,4,2,0,-1,-1,-1
L19.TATTACCGTACAGTGG-1,2,2,3,3,3,2,3,3,3,-1,-1,-1,3,2,2,-1,-1,-1,2,2,3,3,3,2,3,3,2,2,0,2
L19.TATTACCCAACACGCC-1,2,2,2,2,2,7,6,2,2,2,2,2,4,2,2,2,2,0,2,2,2,2,2,5,-1,-1,-1,-1,-1,-1
L19.TATGCCCAGCTCCTTC-1,2,2,2,2,2,0,2,2,2,2,2,2,2,2,2,2,2,14,2,2,2,2,2,0,0,2,0,-1,-1,-1
L19.TATCTCACATTGAGCT-1,2,2,2,2,2,7,2,2,2,2,2,2,2,2,2,2,2,6,2,2,2,2,2,0,0,2,0,-1,-1,-1
L19.TAGTTGGGTAAACGCG-1,2,2,2,2,2,0,2,2,2,2,2,2,2,2,2,2,2,0,2,2,2,2,2,0,12,2,0,-1,-1,-1
L19.TAGTTGGCAACGCACC-1,2,2,2,2,2,0,2,2,2,2,2,2,2,2,2,2,2,0,2,2,2,2,2,19,10,2,0,-1,-1,-1
L19.TAGACCATCCTTGGTC-1,-1,-1,-1,2,2,25,2,2,2,2,2,2,-1,-1,-1,2,2,0,2,2,2,2,2,0,-1,-1,-1,-1,-1,-1
L19.TACTTGTAGTGGTAGC-1,2,2,2,2,2,17,2,2,2,2,2,2,2,2,2,2,2,0,2,2,2,2,2,0,10,2,0,-1,-1,-1
L19.TACTTGTAGGTGATAT-1,2,2,2,2,2,0,2,2,2,2,2,2,2,2,2,2,2,0,2,2,2,2,2,20,0,2,0,-1,-1,-1
L19.TACTCGCCACTCGACG-1,2,2,6,5,5,13,7,6,5,4,2,8,3,2,2,8,6,18,2,2,5,-1,-1,-1,4,8,0,4,2,4
L19.TACTCATTCAGCAACT-1,0,4,7,4,4,6,6,5,8,2,4,4,0,2,2,2,5,6,-1,-1,-1,4,4,2,9,10,7,2,0,3
L19.TACTCATGTGACCAAG-1,2,2,2,2,2,0,2,2,2,2,2,2,2,2,2,2,2,0,2,2,2,-1,-1,-1,0,2,8,-1,-1,-1
L19.TACTCATAGGCCCTTG-1,2,2,2,2,2,7,2,2,2,2,2,2,2,2,2,2,2,6,2,2,2,2,2,0,4,2,0,-1,-1,-1
L19.TACGGGCTCAAGATCC-1,2,2,2,2,2,29,2,2,2,2,2,2,2,2,2,2,2,0,2,2,2,2,2,0,0,2,0,-1,-1,-1
L19.TACAGTGCAATGGATA-1,2,2,2,2,2,30,2,2,2,2,2,2,2,2,2,2,2,0,2,2,2,2,2,0,-1,-1,-1,-1,-1,-1
L19.TACACGACATGGTCTA-1,2,2,5,2,2,3,4,2,2,2,2,2,2,2,2,2,2,19,2,2,2,2,2,21,3,9,0,-1,-1,-1
L19.TACACGAAGTCCGTAT-1,-1,-1,-1,2,2,0,2,2,2,2,2,2,-1,-1,-1,-1,-1,-1,2,2,2,2,2,0,-1,-1,-1,-1,-1,-1
L19.TAAGTGCGTTACCGAT-1,2,2,2,2,2,9,2,2,2,2,2,2,2,2,2,2,2,0,2,2,2,2,2,0,0,2,0,-1,-1,-1
L19.TAAGCGTCAGGTCTCG-1,2,2,2,2,2,0,2,2,2,2,2,2,2,2,2,2,2,20,2,2,2,2,2,0,4,2,0,-1,-1,-1
L19.TAAGAGAGTCCCTTGT-1,-1,-1,-1,2,2,7,2,2,2,2,2,2,2,2,2,-1,-1,-1,2,2,2,2,2,0,-1,-1,-1,-1,-1,-1
L19.TAAACCGCAAACAACA-1,4,5,9,-1,-1,-1,4,8,9,6,6,9,8,4,4,-1,-1,-1,-1,-1,-1,4,3,2,-1,-1,-1,3,0,6
L19.TAAACCGAGGATGGTC-1,-1,-1,-1,2,2,3,4,2,2,-1,-1,-1,2,2,2,2,2,21,-1,-1,-1,2,2,19,-1,-1,-1,-1,-1,-1
L19.TAAACCGAGACCCACC-1,2,2,2,2,2,0,2,2,2,2,2,2,-1,-1,-1,2,2,6,2,2,2,2,2,0,0,2,0,-1,-1,-1
L19.GTTTCTATCACATACG-1,-1,-1,-1,2,2,0,2,2,2,2,2,2,2,2,2,2,2,0,2,2,2,2,2,0,-1,-1,-1,-1,-1,-1
L19.GTTCTCGCAGTAAGAT-1,2,2,2,2,2,0,2,2,2,2,2,2,2,2,2,2,2,0,2,2,2,2,2,0,3,2,0,-1,-1,-1
L19.GTTCTCGAGGACTGGT-1,2,2,2,2,2,6,2,2,2,2,2,2,2,2,2,2,2,0,2,2,2,2,2,0,18,2,0,-1,-1,-1
L19.GTTCGGGTCCGGGTGT-1,2,2,2,2,2,0,2,2,2,2,2,2,2,2,2,2,2,6,2,2,2,2,6,22,-1,-1,-1,-1,-1,-1
L19.GTTCGGGAGATAGTCA-1,2,2,10,2,2,0,4,2,2,2,2,2,2,2,2,2,2,0,2,2,2,2,2,21,3,0,0,-1,-1,-1
L19.GTTCGGGAGAGTGACC-1,2,2,3,3,3,2,3,3,3,-1,-1,-1,3,2,2,3,3,2,2,2,3,3,3,2,4,3,2,2,3,2
L19.GTTCATTAGCCTTGAT-1,2,2,7,2,2,7,4,2,2,2,2,2,2,2,2,2,2,0,2,2,2,2,2,19,3,9,5,-1,-1,-1
L19.GTTACAGTCACGAAGG-1,2,2,2,2,2,7,2,2,2,2,2,2,2,2,2,2,2,0,2,2,2,2,2,2,0,2,0,-1,-1,-1
L19.GTTACAGCACGTTGGC-1,2,2,2,2,2,0,2,2,2,2,2,2,2,2,2,2,2,22,2,2,2,2,2,0,0,2,0,-1,-1,-1
L19.GTTAAGCAGGAGTTTA-1,2,2,2,2,2,0,2,2,2,2,2,2,2,2,2,2,2,0,2,2,2,2,2,4,-1,-1,-1,-1,-1,-1
L19.GTGTGCGAGATGCCTT-1,2,2,2,2,2,31,2,2,2,2,2,2,2,2,2,2,2,0,2,2,2,2,2,0,0,2,0,2,0,2
L19.GTGCTTCTCTCTGAGA-1,2,2,2,2,2,0,2,2,2,2,2,2,2,2,2,2,2,15,2,2,2,2,2,0,0,2,0,-1,-1,-1
L19.GTGCTTCCAGAGTGTG-1,2,2,3,3,3,2,3,3,3,3,2,0,3,2,2,3,3,2,2,2,3,3,3,2,4,3,2,2,3,2
L19.GTGCATACAAGGCTCC-1,2,2,2,2,2,0,2,2,2,2,2,2,2,2,2,-1,-1,-1,2,2,2,2,2,0,-1,-1,-1,-1,-1,-1
L19.GTGCAGCTCCACGTTC-1,-1,-1,-1,2,2,0,2,2,2,2,2,2,2,2,2,2,2,0,2,2,2,2,2,23,-1,-1,-1,-1,-1,-1
L19.GTCTTCGGTGAAAGAG-1,-1,-1,-1,2,2,0,2,2,2,2,2,2,2,2,2,2,2,23,2,2,2,2,2,0,-1,-1,-1,-1,-1,-1
L19.GTCTCGTTCCCATTAT-1,2,2,2,2,2,7,11,2,2,2,2,2,4,2,2,2,2,0,2,2,2,2,2,5,13,6,0,-1,-1,-1
L19.GTCGTAATCTTCCTTC-1,2,2,2,2,2,0,2,2,2,2,2,2,2,2,2,2,2,0,2,2,2,2,2,12,0,2,0,-1,-1,-1
L19.GTCGTAAGTTAAGACA-1,2,2,2,2,2,0,2,2,2,2,2,2,2,2,2,2,2,0,2,2,2,-1,-1,-1,0,2,5,-1,-1,-1
L19.GTCATTTGTCAGAGGT-1,2,2,2,2,2,0,2,2,2,2,2,2,9,2,2,2,2,0,2,2,2,2,2,0,19,2,10,-1,-1,-1
L19.GTCACGGCAATTGCTG-1,2,2,2,2,2,0,2,2,2,2,2,2,2,2,2,2,2,0,2,2,2,2,2,14,0,2,0,-1,-1,-1
L19.GTCACGGAGGCTAGGT-1,2,2,2,2,2,32,2,2,2,2,2,2,2,2,2,2,2,0,2,2,2,2,2,24,4,2,0,-1,-1,-1
L19.GTCACAAAGGGTCTCC-1,2,6,11,-1,-1,-1,4,9,10,-1,-1,-1,10,5,5,4,7,24,5,4,7,2,7,14,20,7,11,3,0,0
L19.GTCAAGTGTGGTGTAG-1,2,2,2,2,2,6,2,2,2,2,2,2,2,2,2,2,8,25,2,2,2,-1,-1,-1,0,2,0,-1,-1,-1
L19.GTCAAGTAGTACTTGC-1,2,2,2,2,2,3,2,2,2,2,2,2,2,2,2,2,2,0,2,2,2,2,2,0,0,2,0,-1,-1,-1
L19.GTATCTTCAAACTGCT-1,-1,-1,-1,-1,-1,-1,7,6,5,4,2,0,3,2,2,-1,-1,-1,2,2,5,-1,-1,-1,4,8,0,4,2,4
L19.GTATCTTAGTCATGCT-1,2,2,0,2,2,7,4,2,2,2,2,2,2,2,2,2,2,0,2,2,2,2,2,6,3,14,6,-1,-1,-1
L19.GTAGTCATCGGCCGAT-1,2,2,2,2,2,6,-1,-1,-1,2,2,2,4,2,2,2,2,0,2,2,2,2,2,5,5,6,0,-1,-1,-1
L19.GTAGTCAGTCACACGC-1,2,2,2,2,2,0,2,2,2,2,2,2,2,2,2,2,2,19,2,2,2,2,2,2,0,2,0,-1,-1,-1
L19.GTAGGCCAGATAGGAG-1,2,2,7,5,5,13,7,6,5,4,2,8,3,2,2,8,6,18,2,2,5,-1,-1,-1,4,8,0,4,2,4
L19.GTACTTTGTTGCGCAC-1,2,2,2,2,2,0,2,2,2,-1,-1,-1,2,2,2,-1,-1,-1,2,2,2,2,2,0,0,2,0,-1,-1,-1
L19.GGGAGATTCTGGTGTA-1,2,2,2,2,2,0,2,2,2,2,2,2,2,2,2,2,2,6,2,2,2,-1,-1,-1,4,2,0,-1,-1,-1
L19.GGGAGATGTGCATCTA-1,2,2,2,2,2,0,2,2,2,2,2,2,4,2,2,2,2,0,2,2,2,2,2,5,7,6,0,-1,-1,-1
L19.GGGACCTGTTGATTCG-1,2,2,2,2,2,0,2,2,2,2,2,2,2,2,2,2,2,0,2,2,2,-1,-1,-1,2,2,0,-1,-1,-1
L19.GGGAATGCAATCGGTT-1,2,2,2,2,2,0,2,2,2,2,2,2,2,2,2,2,2,0,2,2,2,2,2,0,21,2,0,-1,-1,-1
L19.GGCTGGTTCATTCACT-1,2,2,2,2,2,0,2,2,2,2,2,2,2,2,2,2,2,0,2,2,2,2,2,0,22,2,0,-1,-1,-1
L19.GGCTCGATCATCGCTC-1,2,2,2,2,2,0,2,2,2,2,2,2,2,2,2,2,2,0,2,2,2,2,2,25,-1,-1,-1,-1,-1,-1
L19.GGCTCGAGTTTGTTTC-1,0,4,7,4,4,6,6,5,0,2,4,4,0,2,2,9,5,6,-1,-1,-1,4,4,2,9,10,7,2,0,3
L19.GGCGTGTCAGGTCGTC-1,-1,-1,-1,2,2,0,2,2,2,2,2,2,2,2,2,2,2,0,-1,-1,-1,2,2,0,-1,-1,-1,-1,-1,-1
L19.GGCGACTGTGATGTGG-1,2,2,2,2,2,33,2,2,2,2,2,2,2,2,2,2,2,0,2,2,2,2,2,0,0,2,0,-1,-1,-1
L19.GGCGACTCACCTCGTT-1,2,2,2,2,2,0,2,2,2,2,2,2,-1,-1,-1,2,2,26,2,2,2,2,2,2,-1,-1,-1,-1,-1,-1
L19.GGCGACTCAATCAGAA-1,2,2,2,2,2,11,2,2,2,2,2,2,2,2,2,2,2,0,2,2,2,2,2,0,23,2,0,-1,-1,-1
L19.GGCGACTAGTTCCACA-1,2,2,2,2,2,34,3,2,2,2,2,2,4,2,2,2,2,0,2,2,2,2,2,5,0,6,0,-1,-1,-1
L19.GGCCGATGTACGCACC-1,2,2,3,-1,-1,-1,3,3,3,-1,-1,-1,3,2,2,3,3,2,-1,-1,-1,3,3,2,-1,-1,-1,2,0,2
L19.GGCCGATCACTTAACG-1,2,2,2,2,2,0,2,2,2,2,2,2,2,2,2,2,2,0,2,2,2,2,2,14,2,2,0,-1,-1,-1
L19.GGCAATTAGTATGACA-1,2,2,5,2,2,3,4,2,2,2,2,2,2,2,2,2,2,19,2,2,2,2,2,0,3,9,0,-1,-1,-1
L19.GGCAATTAGGCTCTTA-1,2,2,2,2,2,0,2,2,2,2,2,2,2,2,2,2,2,0,2,2,2,2,2,0,4,2,10,-1,-1,-1
L19.GGATGTTAGAGTGACC-1,2,2,2,2,2,35,2,2,2,2,2,2,2,2,2,2,2,0,2,2,2,2,2,0,0,2,0,-1,-1,-1
L19.GGACGTCTCTGCGACG-1,3,3,0,6,6,15,8,7,6,5,5,5,5,3,3,4,4,0,4,3,4,5,5,9,2,2,0,3,0,5
L19.GGACAGAGTCAGAGGT-1,2,2,2,2,2,34,2,2,2,2,2,2,2,2,2,2,2,0,2,2,2,2,2,0,-1,-1,-1,-1,-1,-1
L19.GGACAAGCAAACCCAT-1,2,2,2,2,2,0,2,2,2,2,2,10,2,2,2,2,2,0,2,2,2,2,2,8,0,2,0,-1,-1,-1
L19.GGAACTTAGGACCACA-1,2,2,2,2,2,0,2,2,2,2,2,2,2,2,2,-1,-1,-1,2,2,2,-1,-1,-1,0,0,0,-1,-1,-1
L19.GGAACTTAGAGATGAG-1,2,2,2,2,2,0,2,2,2,2,2,2,2,2,2,2,2,12,2,2,2,2,2,0,24,15,12,-1,-1,-1
L19.GGAAAGCTCCTACAGA-1,2,2,2,2,2,0,5,2,2,2,2,2,4,2,2,2,2,0,2,2,2,2,2,5,0,6,0,-1,-1,-1
L19.GCTGGGTAGGATGCGT-1,2,2,2,2,2,0,2,2,2,2,2,2,2,2,2,2,2,0,2,2,2,2,2,26,0,2,0,-1,-1,-1
L19.GCTGCTTAGGCACATG-1,2,2,2,2,2,0,2,2,2,2,2,2,2,2,2,2,2,27,2,2,2,-1,-1,-1,4,2,0,-1,-1,-1
L19.GCTGCAGGTAAGGATT-1,2,2,2,2,2,0,2,2,2,2,2,2,2,2,2,2,2,6,2,2,2,2,2,0,-1,-1,-1,-1,-1,-1
L19.GCTCCTATCATGTAGC-1,-1,-1,-1,2,2,0,2,2,2,2,2,2,2,2,2,-1,-1,-1,2,2,2,2,2,2,25,2,0,-1,-1,-1
L19.GCTCCTAAGTCACGCC-1,-1,-1,-1,2,2,0,2,2,2,2,2,2,2,2,2,2,2,0,2,2,2,2,2,8,0,2,0,-1,-1,-1
L19.GCGGGTTTCGCCTGTT-1,0,4,0,4,4,3,6,5,0,2,4,4,0,2,2,2,5,6,-1,-1,-1,4,4,2,9,10,7,2,0,3
L19.GCGGGTTAGGGCTTCC-1,2,2,5,2,2,3,4,2,2,2,2,2,2,2,2,2,2,0,2,2,2,2,2,6,-1,-1,-1,-1,-1,-1
L19.GCGCGATCACAACTGT-1,2,2,2,2,2,36,2,2,2,2,2,2,2,2,2,2,2,0,2,2,2,2,2,0,5,2,0,-1,-1,-1
L19.GCGCGATAGCAGGCTA-1,2,2,2,2,2,0,2,2,2,2,2,2,2,2,2,2,2,12,2,2,2,2,2,0,-1,-1,-1,-1,-1,-1
L19.GCGCCAATCGTGACAT-1,2,2,2,2,2,0,2,2,2,2,2,2,2,2,2,2,2,0,2,2,2,2,2,27,0,2,0,-1,-1,-1
L19.GCGCAACGTATCACCA-1,-1,-1,-1,2,2,0,2,2,2,2,2,2,-1,-1,-1,-1,-1,-1,2,2,2,2,2,0,4,2,0,-1,-1,-1
L19.GCGCAACAGATCGGGT-1,2,2,2,-1,-1,-1,2,2,2,2,2,2,2,2,2,2,2,0,2,2,2,2,2,11,-1,-1,-1,-1,-1,-1
L19.GCGAGAATCCCGGATG-1,2,2,2,2,2,36,2,2,2,2,2,2,2,2,2,2,2,0,2,2,2,2,2,0,26,2,0,-1,-1,-1
L19.GCGAGAACAGCCAGAA-1,2,2,2,2,2,7,2,2,2,-1,-1,-1,2,2,2,2,2,0,3,2,2,2,2,0,-1,-1,-1,-1,-1,-1
L19.GCGAGAAAGCTGGAAC-1,2,2,5,2,2,14,4,2,2,2,2,2,2,2,2,2,2,0,-1,-1,-1,2,2,28,-1,-1,-1,-1,-1,-1
L19.GCATGCGTCTTCGGTC-1,2,2,2,2,2,0,2,2,2,2,2,2,2,2,2,2,2,0,2,2,2,2,2,0,27,2,0,-1,-1,-1
L19.GCATGCGGTCGAATCT-1,5,2,5,2,2,8,4,2,2,2,2,2,2,2,2,2,2,6,2,2,2,2,2,6,3,5,6,-1,-1,-1
L19.GCATGCGCAGCTCCGA-1,2,2,2,2,2,3,2,2,2,2,2,2,2,2,2,2,2,0,2,2,2,2,2,0,4,2,0,-1,-1,-1
L19.GCATACAGTCTAAAGA-1,3,3,6,-1,-1,-1,2,4,4,3,3,3,5,3,3,10,4,0,4,3,4,-1,-1,-1,2,7,4,3,0,0
L19.GCATACAAGACTTTCG-1,2,2,2,2,2,0,2,2,2,2,2,2,2,2,2,2,2,12,2,2,2,2,2,0,0,2,0,-1,-1,-1
L19.GCATACAAGACTAAGT-1,2,2,2,2,2,3,2,2,2,2,2,2,2,2,2,2,2,0,2,2,2,2,2,0,28,2,0,-1,-1,-1
L19.GCAGCCAGTGACTCAT-1,2,2,5,2,2,7,4,2,2,2,2,2,2,2,2,2,2,6,2,2,2,2,2,6,3,8,6,-1,-1,-1
L19.GCAGCCAAGCACAGGT-1,2,2,2,2,2,36,2,2,2,2,2,2,2,2,2,2,2,0,2,2,2,2,2,0,-1,-1,-1,-1,-1,-1
L19.GCACTCTTCCTTCAAT-1,2,2,2,2,2,37,2,2,2,2,2,2,2,2,2,2,2,0,2,2,2,2,2,0,0,2,0,-1,-1,-1
L19.GCACTCTCAGTCACTA-1,2,2,2,2,2,0,2,2,2,2,2,2,2,2,2,2,2,0,2,2,2,2,2,2,-1,-1,-1,-1,-1,-1
L19.GCACTCTAGCCACTAT-1,2,2,2,2,2,7,2,2,2,2,2,2,2,2,2,2,2,0,2,2,2,2,2,0,4,2,0,-1,-1,-1
L19.GCACATAGTCAGATAA-1,2,2,2,2,2,7,11,2,2,2,2,2,4,2,2,2,2,28,2,2,2,-1,-1,-1,-1,-1,-1,-1,-1,-1
L19.GCACATAAGCGAGAAA-1,2,2,2,2,2,0,2,2,2,2,2,2,2,2,2,2,2,15,2,2,2,2,2,4,4,2,0,-1,-1,-1
L19.GCAAACTAGTGGTCCC-1,0,4,7,4,4,6,6,5,0,2,4,4,0,2,2,2,5,6,-1,-1,-1,7,4,2,9,10,7,2,0,3
L19.GATTCAGTCATCGGAT-1,2,2,2,2,2,38,2,2,2,2,2,2,2,2,2,2,2,0,2,2,2,2,2,0,0,2,0,-1,-1,-1
L19.GATTCAGGTGTGAAAT-1,2,2,2,2,2,7,2,2,2,2,2,2,2,2,2,2,2,0,2,2,2,2,2,0,29,2,0,-1,-1,-1
L19.GATGAGGGTATATGAG-1,2,2,2,2,2,0,2,2,2,2,2,2,2,2,2,2,2,0,2,2,2,2,2,29,0,2,0,-1,-1,-1
L19.GATGAGGCAGACGCCT-1,2,2,5,2,2,3,4,2,2,2,2,2,2,2,2,2,2,6,2,2,2,2,2,0,3,9,0,-1,-1,-1
L19.GATGAAATCCAACCAA-1,2,2,2,2,2,0,2,2,2,2,2,2,2,2,2,2,2,6,2,2,2,2,2,0,30,2,5,-1,-1,-1
L19.GATCTAGAGCGTCTAT-1,2,2,2,2,2,17,2,2,2,2,2,2,2,2,2,2,2,0,2,2,2,-1,-1,-1,0,2,0,-1,-1,-1
L19.GATCGCGCACGTGAGA-1,2,2,2,2,2,0,2,2,2,2,2,2,2,2,2,2,2,19,2,2,2,2,2,0,4,2,0,-1,-1,-1
L19.GATCGATTCCCTGACT-1,2,2,2,2,2,14,2,2,2,2,2,2,2,2,2,2,2,0,2,2,2,2,2,0,4,2,0,-1,-1,-1
L19.GATCAGTGTCTCACCT-1,2,2,2,2,2,0,2,2,2,2,2,2,2,2,2,2,2,29,2,2,2,2,2,2,0,2,6,-1,-1,-1
L19.GAGGTGAGTATGAATG-1,2,2,2,2,2,0,2,2,2,2,2,2,2,2,2,2,2,0,2,2,2,2,2,30,0,2,0,-1,-1,-1
L19.GAGGTGAAGAACTGTA-1,2,2,2,2,2,0,2,2,2,2,2,2,2,2,2,2,2,0,2,2,2,2,2,31,0,2,0,-1,-1,-1
L19.GAGCAGATCGCCATAA-1,-1,-1,-1,2,2,0,2,2,2,2,2,2,2,2,2,2,2,0,2,2,2,-1,-1,-1,-1,-1,-1,-1,-1,-1
L19.GAGCAGAGTAAGTTCC-1,2,2,2,2,2,7,11,2,2,2,2,2,4,2,2,2,2,12,2,2,2,2,2,5,13,6,0,-1,-1,-1
L19.GACTGCGGTTTAGGAA-1,-1,-1,-1,-1,-1,-1,2,2,2,2,2,2,2,2,2,-1,-1,-1,2,2,2,-1,-1,-1,-1,-1,-1,-1,-1,-1
L19.GACTACAAGCCCTAAT-1,2,2,2,2,2,0,2,2,2,2,2,2,2,2,2,0,2,0,2,2,2,2,2,0,-1,-1,-1,-1,-1,-1
L19.GACTAACCAGCTGCTG-1,2,2,2,2,2,0,2,2,2,2,2,2,2,2,2,2,2,0,2,2,2,2,2,18,24,2,0,-1,-1,-1
L19.GACGTTAGTCGACTAT-1,2,2,5,2,2,3,4,2,2,-1,-1,-1,2,2,2,2,2,30,2,2,2,2,2,32,-1,-1,-1,-1,-1,-1
L19.GACGTGCGTTAAGTAG-1,2,2,2,2,2,0,2,2,2,2,2,2,2,2,2,2,2,31,2,2,2,2,2,33,0,2,0,-1,-1,-1
L19.GACGGCTTCGCTGATA-1,2,2,2,2,2,7,2,2,2,2,2,2,2,2,2,2,2,0,2,2,2,-1,-1,-1,0,2,0,-1,-1,-1
L19.GACCTGGTCCAAGTAC-1,2,2,5,2,2,3,4,2,2,2,2,2,2,2,2,2,2,0,2,2,2,2,2,4,3,5,0,-1,-1,-1
L19.GACCTGGTCAGGCCCA-1,2,2,2,2,2,39,2,2,2,2,2,2,2,2,2,-1,-1,-1,2,2,2,-1,-1,-1,4,2,5,-1,-1,-1
L19.GACCTGGGTACAGACG-1,2,2,2,2,2,20,3,2,2,2,2,2,4,2,2,2,2,0,2,2,2,2,2,5,10,6,0,-1,-1,-1
L19.GACCTGGAGATCACGG-1,2,2,2,2,2,0,2,2,2,2,2,2,2,2,2,2,2,0,2,2,2,2,2,0,31,2,0,-1,-1,-1
L19.GACCAATTCGATGAGG-1,2,2,2,2,2,0,2,2,2,2,2,2,2,2,2,2,2,6,2,2,2,2,2,6,10,2,0,-1,-1,-1
L19.GACAGAGAGGGTGTGT-1,2,2,2,2,2,0,0,2,2,2,2,2,4,2,2,2,2,8,2,2,2,2,2,5,4,6,0,-1,-1,-1
L19.GACACGCCATCGGAAG-1,2,2,2,2,2,11,2,2,2,-1,-1,-1,2,2,2,2,2,0,2,2,2,2,2,0,-1,-1,-1,-1,-1,-1
L19.GAACGGAGTAAGTGTA-1,2,2,5,2,2,0,4,2,2,2,2,2,2,2,2,2,2,23,2,2,2,2,2,2,3,12,0,-1,-1,-1
L19.GAACATCTCGACGGAA-1,0,4,7,4,4,0,6,5,3,2,4,4,0,2,2,6,5,6,-1,-1,-1,4,4,2,9,10,7,2,0,3
L19.GAACATCAGCAGCGTA-1,2,2,2,2,2,0,2,2,2,2,2,2,2,2,2,2,2,32,2,2,2,2,2,0,0,2,0,-1,-1,-1
L19.GAAATGACATCTGGTA-1,2,2,2,2,2,0,2,2,2,2,2,2,9,2,2,2,2,0,2,2,2,2,2,0,4,2,0,-1,-1,-1
L19.CTTTGCGTCTGCCCTA-1,2,2,2,2,2,6,2,2,2,2,2,2,2,2,2,2,2,0,2,2,2,2,2,0,2,2,0,-1,-1,-1
L19.CTTTGCGGTACCGGCT-1,-1,-1,-1,2,2,0,2,2,2,-1,-1,-1,2,2,2,2,2,0,2,2,2,2,2,0,4,2,0,-1,-1,-1
L19.CTTTGCGAGGGCTTGA-1,2,2,2,2,2,0,2,2,2,2,2,2,2,2,2,2,2,0,2,2,2,2,2,0,24,2,0,-1,-1,-1
L19.CTTGGCTAGTTGCAGG-1,2,2,2,2,2,0,2,2,2,2,2,2,2,2,2,2,2,33,2,2,2,2,2,0,0,2,0,-1,-1,-1
L19.CTTGGCTAGAGTGACC-1,2,2,2,2,2,11,2,2,2,2,2,2,2,2,2,2,2,0,2,2,2,2,2,0,4,2,0,-1,-1,-1
L19.CTTCTCTCACGAAGCA-1,2,2,2,2,2,40,2,2,2,2,2,2,2,2,2,2,2,0,2,2,2,2,2,8,10,2,0,-1,-1,-1
L19.CTTCTCTAGGTGATTA-1,2,2,2,2,2,6,2,2,2,2,2,2,2,2,2,2,2,0,2,2,2,2,2,34,0,2,0,-1,-1,-1
L19.CTTAGGACATCTCCCA-1,2,2,2,2,2,0,2,2,2,2,2,2,2,2,2,2,2,0,2,2,2,2,2,4,4,2,0,-1,-1,-1
L19.CTTACCGGTTCTGGTA-1,2,2,2,2,2,0,2,2,2,2,2,2,2,2,2,2,2,34,2,2,2,2,2,8,0,2,0,-1,-1,-1
L19.CTTACCGGTAATAGCA-1,2,2,0,5,5,13,7,6,5,4,2,0,3,2,2,2,3,35,2,2,5,-1,-1,-1,4,16,0,4,2,4
L19.CTTAACTGTGTGACGA-1,2,2,2,2,2,22,2,2,2,2,2,2,4,2,2,2,2,0,2,2,2,2,2,5,4,6,0,-1,-1,-1
L19.CTTAACTAGTCGATAA-1,0,4,7,4,4,6,-1,-1,-1,2,4,4,11,2,2,2,5,6,-1,-1,-1,4,4,2,9,10,7,2,0,3
L19.CTGTTTATCATCTGTT-1,-1,-1,-1,2,2,0,2,2,2,2,2,2,2,2,2,2,2,0,2,2,2,2,2,35,0,2,0,-1,-1,-1
L19.CTGTTTATCAAGGTAA-1,2,2,2,-1,-1,-1,2,2,2,2,2,2,2,2,2,2,2,11,2,2,2,-1,-1,-1,-1,-1,-1,-1,-1,-1
L19.CTGTTTAGTTGAGTTC-1,2,2,2,2,2,0,2,2,2,2,2,2,2,2,2,2,2,0,2,2,2,-1,-1,-1,32,2,0,-1,-1,-1
L19.CTGTTTAAGCAGCGTA-1,2,2,2,2,2,0,2,2,2,2,2,2,2,2,2,2,2,0,2,2,2,2,2,0,33,2,0,-1,-1,-1
L19.CTGGTCTGTAAGTGTA-1,2,2,2,2,2,7,2,2,2,2,2,2,4,2,2,2,2,36,2,2,2,2,2,5,-1,-1,-1,-1,-1,-1
L19.CTGCTGTAGAGCTATA-1,2,2,3,3,3,2,3,3,3,-1,-1,-1,3,2,2,3,3,2,2,2,3,3,3,2,3,3,2,2,4,2
L19.CTGCGGAGTATGAAAC-1,2,2,2,2,2,0,2,2,2,2,2,2,2,2,2,2,2,0,2,2,2,2,2,36,0,2,0,-1,-1,-1
L19.CTGCCTAAGGCAATTA-1,2,2,5,2,2,32,4,2,2,2,2,2,2,2,2,2,2,0,2,2,2,2,2,0,3,11,0,-1,-1,-1
L19.CTGATCCTCTTAGCCC-1,2,2,3,3,3,2,3,3,3,-1,-1,-1,3,2,2,3,3,2,2,2,3,3,3,2,3,3,2,-1,-1,-1
L19.CTGATCCTCTCACATT-1,2,2,5,2,2,0,4,2,2,2,2,2,2,2,2,2,2,6,2,2,2,2,2,0,3,5,0,-1,-1,-1
L19.CTGATAGAGTATCGAA-1,2,2,2,2,2,7,2,2,2,2,2,2,4,2,2,2,2,0,2,2,2,2,2,4,0,2,0,-1,-1,-1
L19.CTGATAGAGGGCACTA-1,2,2,2,2,2,0,2,2,2,2,2,2,2,2,2,2,2,8,2,2,2,2,2,2,0,2,0,-1,-1,-1
L19.CTGAAGTGTTTGGCGC-1,2,2,2,2,2,41,2,2,2,2,2,2,2,2,2,2,2,0,2,2,2,2,2,6,0,2,0,-1,-1,-1
L19.CTGAAGTCATACTACG-1,0,4,0,4,4,42,6,5,0,2,4,4,0,2,2,2,5,6,-1,-1,-1,4,4,2,9,10,7,2,0,3
L19.CTCTGGTAGGATGCGT-1,2,2,2,2,2,0,2,2,2,2,2,2,2,2,2,2,2,0,2,2,2,2,2,37,0,2,0,-1,-1,-1
L19.CTCTACGAGTGAACAT-1,2,2,2,2,2,40,2,2,2,2,2,2,2,2,2,2,2,0,-1,-1,-1,2,2,8,10,2,0,-1,-1,-1
L19.CTCTACGAGGCTAGCA-1,2,2,2,2,2,43,2,2,2,2,2,2,2,2,2,2,2,0,2,2,2,2,2,0,-1,-1,-1,-1,-1,-1
L19.CTCTAATTCGTAGATC-1,2,2,2,-1,-1,-1,2,2,2,2,2,2,2,2,2,2,2,0,3,2,2,2,2,0,4,2,0,-1,-1,-1
L19.CTCGTCAGTTGTCTTT-1,2,2,2,2,2,0,2,2,2,2,2,2,2,2,2,2,2,0,2,2,2,2,2,2,2,2,0,-1,-1,-1
L19.CTCGTCAGTCCGCTGA-1,2,2,2,2,2,8,2,2,2,2,2,2,2,2,2,2,2,11,2,2,2,2,2,0,0,2,0,-1,-1,-1
L19.CTCGGAGTCTGTCAAG-1,-1,-1,-1,2,2,0,2,2,2,2,2,2,2,2,2,2,2,0,2,2,2,2,2,38,2,2,0,-1,-1,-1
L19.CTCGAAAAGAAGGCCT-1,2,2,2,2,2,44,2,2,2,2,2,2,2,2,2,2,2,0,2,2,2,2,2,0,10,2,0,-1,-1,-1
L19.CTCCTAGCACTTCGAA-1,-1,-1,-1,2,2,45,2,2,2,2,2,2,2,2,2,2,2,0,2,2,2,2,2,0,-1,-1,-1,-1,-1,-1
L19.CTCACACTCGTGACAT-1,2,2,2,2,2,0,2,2,2,2,2,2,2,2,2,-1,-1,-1,2,2,2,2,2,6,-1,-1,-1,-1,-1,-1
L19.CTCACACCAGTACACT-1,2,2,2,2,2,0,2,2,2,2,2,2,4,2,2,2,2,0,2,2,2,2,2,5,4,6,0,-1,-1,-1
L19.CTCACACCAGAAGCAC-1,-1,-1,-1,2,2,3,12,2,2,2,2,2,2,2,2,2,2,0,2,2,2,-1,-1,-1,-1,-1,-1,-1,-1,-1
L19.CTAGTGATCTCTAGGA-1,2,2,2,2,2,0,2,2,2,2,2,2,2,2,2,2,2,0,2,2,2,2,2,39,-1,-1,-1,-1,-1,-1
L19.CTAGTGAAGTGCCATT-1,2,2,2,2,2,0,2,2,2,2,2,2,-1,-1,-1,2,2,0,2,2,2,-1,-1,-1,4,2,0,-1,-1,-1
L19.CTAGCCTGTTAAGAAC-1,2,2,2,2,2,22,0,2,2,2,2,2,4,2,2,2,2,0,2,2,2,2,2,5,4,6,0,-1,-1,-1
L19.CTAGCCTAGGCATTGG-1,-1,-1,-1,2,2,0,2,2,2,2,2,2,2,2,2,-1,-1,-1,2,2,2,2,2,0,0,2,0,-1,-1,-1
L19.CTAGCCTAGCCACCTG-1,2,2,2,2,2,0,2,2,2,2,2,2,2,2,2,2,2,0,3,2,2,2,2,0,4,2,0,-1,-1,-1
L19.CTACACCTCAAAGACA-1,2,2,2,2,2,8,2,2,2,2,2,2,2,2,2,2,2,15,2,2,2,2,2,0,0,2,0,-1,-1,-1
L19.CTAATGGAGCAGGCTA-1,5,2,3,3,3,2,3,3,3,3,2,0,3,2,2,3,3,2,2,2,3,3,3,2,4,3,2,2,0,2
L19.CTAAGACAGCGAGAAA-1,2,2,2,2,2,7,2,2,2,2,2,2,2,2,2,2,2,0,2,2,2,2,2,6,2,2,0,-1,-1,-1
L19.CTAACTTGTACCATCA-1,2,2,2,2,2,0,2,2,2,2,2,2,2,2,2,2,2,0,2,2,2,2,2,4,0,2,0,-1,-1,-1
L19.CGTTGGGCATGCCACG-1,2,2,12,2,2,7,4,2,2,2,2,2,2,2,2,2,2,0,2,2,2,2,2,40,3,9,6,-1,-1,-1
L19.CGTTCTGTCATCGGAT-1,-1,-1,-1,2,2,7,2,2,2,2,2,2,2,2,2,2,2,0,2,2,2,2,2,19,0,2,0,-1,-1,-1
L19.CGTCAGGGTGACGGTA-1,2,2,2,2,2,0,2,2,2,2,2,2,2,2,2,2,2,0,2,2,2,2,2,0,10,2,0,-1,-1,-1
L19.CGTCAGGGTCGCATAT-1,2,2,2,2,2,46,2,2,2,2,2,2,2,2,2,2,2,0,2,2,2,2,2,0,0,2,0,-1,-1,-1
L19.CGTCAGGCAACTGGCC-1,2,2,2,2,2,47,2,2,2,2,2,2,2,2,2,2,2,35,2,2,2,2,2,0,0,2,0,-1,-1,-1
L19.CGTCACTCATGATCCA-1,2,2,2,-1,-1,-1,2,2,2,2,2,2,2,2,2,2,2,37,2,2,2,-1,-1,-1,0,2,0,-1,-1,-1
L19.CGTAGGCTCATCGATG-1,2,2,2,2,2,0,2,2,2,2,2,2,2,2,2,2,2,0,2,2,2,2,2,19,-1,-1,-1,-1,-1,-1
L19.CGTAGCGGTGTCGCTG-1,2,2,6,5,5,13,7,6,5,4,2,8,3,2,2,8,6,18,2,2,5,-1,-1,-1,4,8,5,4,2,4
L19.CGGGTCATCCAAATGC-1,2,2,2,2,2,0,2,2,2,2,2,2,2,2,2,2,2,38,2,2,2,2,2,21,5,2,0,-1,-1,-1
L19.CGGGTCATCAGCTCTC-1,2,2,2,2,2,0,2,2,2,2,2,2,2,2,2,2,2,0,2,2,2,2,2,19,0,4,3,-1,-1,-1
L19.CGGAGTCCACGGTTTA-1,0,4,0,4,4,48,6,5,0,2,4,4,0,2,2,2,5,6,-1,-1,-1,4,4,2,9,10,7,2,0,3
L19.CGGACTGAGTTCGCAT-1,2,2,2,2,2,0,2,2,2,2,2,2,2,2,2,2,2,0,2,2,2,2,2,0,0,2,6,-1,-1,-1
L19.CGGACTGAGGTTCCTA-1,2,2,0,5,5,13,7,6,5,4,2,0,3,2,2,2,3,6,2,2,5,-1,-1,-1,4,8,0,4,2,4
L19.CGGACACCATCAGTCA-1,2,2,2,2,2,0,2,2,2,2,2,2,2,2,2,2,2,3,2,2,2,2,2,0,0,2,0,-1,-1,-1
L19.CGCTTCAGTCCGAGTC-1,3,3,6,-1,-1,-1,2,4,4,3,3,3,5,3,3,11,4,0,4,3,4,-1,-1,-1,2,7,4,3,0,0
L19.CGCTTCAGTCATATGC-1,-1,-1,-1,-1,-1,-1,2,2,2,-1,-1,-1,2,2,2,2,2,0,2,2,2,2,2,41,0,2,0,-1,-1,-1
L19.CGCTGGATCGTAGGAG-1,2,2,2,2,2,0,2,2,2,2,2,2,2,2,2,2,2,0,2,2,2,2,2,0,5,2,0,-1,-1,-1
L19.CGCTGGACATTCCTCG-1,2,2,2,2,2,16,2,2,2,2,2,2,2,2,2,2,2,0,2,2,2,2,2,2,0,2,0,-1,-1,-1
L19.CGCTGGACAGTTCATG-1,2,2,5,2,2,3,4,2,2,2,2,2,2,2,2,2,2,0,2,2,2,2,2,0,3,5,0,-1,-1,-1
L19.CGCTATCTCATCATTC-1,2,2,3,3,3,2,3,3,3,3,2,0,3,2,2,3,3,2,2,2,3,3,3,2,-1,-1,-1,2,0,2
L19.CGCTATCCATGAGCGA-1,2,2,2,2,2,0,2,2,2,2,2,2,12,2,2,2,2,0,2,2,2,2,2,0,34,2,0,-1,-1,-1
L19.CGCTATCAGCTTCGCG-1,2,2,2,2,2,3,2,2,2,2,2,2,2,2,2,2,2,0,2,2,2,2,2,0,-1,-1,-1,-1,-1,-1
L19.CGCGTTTTCCTCCTAG-1,2,2,2,2,2,0,2,2,2,2,2,2,2,2,2,2,2,0,2,2,2,2,2,6,0,2,0,-1,-1,-1
L19.CGCGTTTAGTGACTCT-1,2,2,2,2,2,7,2,2,2,2,2,2,2,2,2,2,2,0,2,2,2,2,2,0,-1,-1,-1,-1,-1,-1
L19.CGCGTTTAGTAGCCGA-1,2,2,2,-1,-1,-1,2,2,2,2,2,2,2,2,2,-1,-1,-1,-1,-1,-1,-1,-1,-1,-1,-1,-1,-1,-1,-1
L19.CGCGGTATCGTCTGAA-1,2,2,2,2,2,0,2,2,2,2,2,2,2,2,2,2,2,35,2,2,2,2,2,0,0,2,0,-1,-1,-1
L19.CGCCAAGTCGCAAGCC-1,2,2,2,2,2,0,3,2,2,2,2,2,4,2,2,2,2,0,2,2,2,2,2,5,0,6,0,-1,-1,-1
L19.CGCCAAGCAGGACGTA-1,2,2,2,2,2,0,2,2,2,2,2,2,2,2,2,2,2,39,2,2,2,2,2,0,0,2,0,-1,-1,-1
L19.CGATTGATCCTTTACA-1,2,2,2,2,2,7,0,2,2,2,2,2,4,2,2,2,2,0,2,2,2,2,2,5,0,6,0,-1,-1,-1
L19.CGATGTAAGGGATACC-1,2,2,2,2,2,0,2,2,2,2,2,2,2,2,2,2,2,0,2,2,2,2,2,0,35,2,0,-1,-1,-1
L19.CGATGTAAGCCAGTAG-1,-1,-1,-1,2,2,3,4,2,2,2,2,2,2,2,2,2,2,0,2,2,2,-1,-1,-1,3,5,0,-1,-1,-1
L19.CGATCGGTCTTGTTTG-1,2,2,2,2,2,31,2,2,2,2,2,2,2,2,2,2,2,0,2,2,2,2,2,0,0,2,0,-1,-1,-1
L19.CGATCGGGTATATGAG-1,2,2,2,2,2,0,2,2,2,2,2,2,2,2,2,-1,-1,-1,2,2,2,2,2,42,0,2,13,-1,-1,-1
L19.CGAGCCACATGGTCTA-1,-1,-1,-1,5,5,13,7,6,5,4,2,0,3,2,2,2,3,11,2,2,5,-1,-1,-1,4,8,0,4,2,4
L19.CGAGCCAAGATATGGT-1,3,3,6,-1,-1,-1,2,4,4,3,3,3,5,3,3,12,4,0,4,3,4,-1,-1,-1,2,7,4,3,0,0
L19.CGAGCACGTCAGATAA-1,2,2,5,2,2,3,4,2,2,2,2,2,2,2,2,2,2,0,2,2,2,-1,-1,-1,3,5,0,-1,-1,-1
L19.CGAATGTTCCCGACTT-1,2,2,2,2,2,14,2,2,2,2,2,2,2,2,2,2,2,0,2,2,2,2,2,0,0,2,0,-1,-1,-1
L19.CCTTCGAGTTTGGGCC-1,2,2,2,2,2,0,2,2,2,-1,-1,-1,2,2,2,2,2,0,2,2,2,2,2,0,4,2,0,-1,-1,-1
L19.CCTTCCCTCCGATATG-1,2,2,2,2,2,34,2,2,2,-1,-1,-1,2,2,2,2,2,0,2,2,2,2,2,2,0,2,0,-1,-1,-1
L19.CCTTCCCCAAGGACAC-1,5,2,2,2,2,4,2,2,2,2,2,2,2,2,2,2,2,0,2,2,2,2,2,36,-1,-1,-1,-1,-1,-1
L19.CCTTACGTCGAATGGG-1,2,2,2,2,2,0,2,2,2,2,2,2,2,2,2,2,2,0,2,2,2,2,2,37,6,2,0,-1,-1,-1
L19.CCTCTGATCTGGGCCA-1,2,2,2,2,2,34,2,2,2,2,2,2,2,2,2,2,2,0,2,2,2,2,2,0,0,2,0,-1,-1,-1
L19.CCTCTGATCCACGAAT-1,2,2,2,2,2,0,2,2,2,2,2,2,2,2,2,2,2,40,2,2,2,2,2,0,0,2,0,-1,-1,-1
L19.CCTCTGAGTACAGTTC-1,2,2,2,2,2,27,2,2,2,2,2,2,2,2,2,2,2,0,2,2,2,-1,-1,-1,0,2,0,-1,-1,-1
L19.CCTCTGAAGAATGTTG-1,2,2,8,5,5,13,7,6,5,4,2,11,3,2,2,2,3,11,2,2,5,-1,-1,-1,4,8,0,4,2,4
L19.CCTCAGTTCTGTACGA-1,2,2,2,2,2,30,2,2,2,2,2,2,-1,-1,-1,-1,-1,-1,2,2,2,2,2,0,4,2,0,-1,-1,-1
L19.CCTAGCTGTTTAGGAA-1,2,2,2,2,2,6,2,2,2,2,2,2,2,2,2,2,2,0,2,2,2,2,2,8,0,2,0,-1,-1,-1
L19.CCTACCAGTAAGGGCT-1,2,2,2,2,2,11,2,2,2,2,2,2,2,2,2,2,2,0,2,2,2,2,2,0,-1,-1,-1,-1,-1,-1
L19.CCGTGGAGTTCATGGT-1,2,2,2,2,2,7,2,2,2,2,2,2,2,2,2,2,2,0,2,2,2,2,2,3,-1,-1,-1,-1,-1,-1
L19.CCGTGGAGTGTAACGG-1,2,2,2,2,2,49,2,2,2,2,2,2,2,2,2,2,2,0,2,2,2,2,2,6,0,2,0,-1,-1,-1
L19.CCGTACTCATCGGAAG-1,2,2,3,3,3,2,3,3,3,3,2,0,3,2,2,3,3,2,2,2,3,3,3,2,36,3,2,2,0,2
L19.CCGGTAGGTGCTAGCC-1,2,2,2,2,2,50,2,2,2,2,2,2,2,2,2,2,2,0,2,2,2,2,2,0,0,2,0,-1,-1,-1
L19.CCGGTAGGTGATGCCC-1,2,2,2,2,2,0,2,2,2,2,2,2,2,2,2,2,2,0,2,2,2,2,2,0,4,2,14,-1,-1,-1
L19.CCGGTAGCATGCATGT-1,2,2,2,2,2,0,2,2,2,2,2,2,2,2,2,2,2,0,2,2,2,2,2,32,0,2,0,-1,-1,-1
L19.CCCTCCTAGCCTTGAT-1,2,2,2,2,2,3,2,2,2,2,2,2,2,2,2,2,2,15,2,2,2,2,2,2,0,2,0,-1,-1,-1
L19.CCCAGTTCAATCTGCA-1,-1,-1,-1,2,2,51,2,2,2,2,2,2,2,2,2,2,2,0,2,2,2,2,2,0,-1,-1,-1,-1,-1,-1
L19.CCATTCGCAAGCCCAC-1,2,2,2,2,2,0,2,2,2,2,2,2,2,2,2,2,2,0,2,2,2,2,2,43,0,2,0,-1,-1,-1
L19.CCATTCGCAAATTGCC-1,2,2,13,2,2,7,4,2,2,2,2,2,2,2,2,2,2,0,2,2,2,2,2,6,-1,-1,-1,-1,-1,-1
L19.CCATTCGAGATGTTAG-1,2,2,2,2,2,7,2,2,2,2,2,2,2,2,2,2,2,0,2,2,2,2,2,44,37,2,0,-1,-1,-1
L19.CCATGTCCACACAGAG-1,2,2,2,2,2,0,2,2,2,2,2,2,2,2,2,2,2,0,2,2,2,2,2,0,38,2,0,-1,-1,-1
L19.CCAGCGACAAGAAGAG-1,-1,-1,-1,2,2,0,2,2,2,2,2,2,2,2,2,2,2,0,2,2,2,2,2,45,4,2,0,-1,-1,-1
L19.CCACTACTCAGAAATG-1,5,2,3,3,3,2,3,3,3,-1,-1,-1,3,2,2,3,3,2,2,2,3,3,3,2,3,3,2,2,0,2
L19.CCACTACCATCACAAC-1,0,4,7,-1,-1,-1,6,5,0,2,4,4,0,2,2,6,5,6,-1,-1,-1,4,4,2,9,10,7,2,0,3
L19.CCACGGATCTGTCTAT-1,2,2,2,2,2,0,2,2,2,2,2,2,2,2,2,2,2,0,2,2,2,-1,-1,-1,21,2,0,-1,-1,-1
L19.CCACCTAGTGATGCCC-1,2,2,6,2,2,7,4,2,2,2,2,2,2,2,2,7,2,6,2,2,2,2,2,6,3,5,0,-1,-1,-1
L19.CCACCTACATCGGACC-1,2,2,2,2,2,0,2,2,2,2,2,2,2,2,2,2,2,0,2,2,2,2,2,21,-1,-1,-1,-1,-1,-1
L19.CCAATCCGTGTTTGGT-1,2,2,2,2,2,7,2,2,2,2,2,2,2,2,2,2,2,0,2,2,2,2,2,2,3,2,0,-1,-1,-1
L19.CATTCGCGTGACCAAG-1,-1,-1,-1,5,5,13,7,6,5,4,2,0,3,2,2,2,3,11,2,2,5,-1,-1,-1,-1,-1,-1,4,2,4
L19.CATTCGCCACGGTAAG-1,2,2,2,2,2,52,2,2,2,2,2,2,2,2,2,2,2,15,2,2,2,2,2,0,0,2,0,-1,-1,-1
L19.CATTATCAGTGTGAAT-1,2,2,2,2,2,53,2,2,2,2,2,2,2,2,2,2,2,0,2,2,2,2,2,4,0,2,0,-1,-1,-1
L19.CATGCCTCACGAGAGT-1,2,2,2,2,2,27,2,2,2,2,2,2,2,2,2,2,2,0,2,2,2,-1,-1,-1,39,2,0,-1,-1,-1
L19.CATGCCTCACACATGT-1,2,2,2,2,2,7,2,2,2,2,2,2,2,2,2,7,2,41,2,2,2,2,2,2,5,2,0,-1,-1,-1
L19.CATGACAAGAAGGTGA-1,2,2,2,2,2,54,2,2,2,2,2,2,2,2,2,2,2,0,2,2,2,-1,-1,-1,3,2,0,-1,-1,-1
L19.CATCCACTCTTGCCGT-1,2,2,2,2,2,0,2,2,2,2,2,2,2,2,2,2,2,0,2,2,2,2,2,46,0,2,15,-1,-1,-1
L19.CATCCACGTCACAAGG-1,2,2,2,2,2,55,2,2,2,2,2,2,2,2,2,2,2,0,2,2,2,2,2,0,0,2,0,-1,-1,-1
L19.CATCAAGGTTCCACGG-1,2,2,2,2,2,0,2,2,2,2,2,2,2,2,2,2,2,0,2,2,2,2,2,47,-1,-1,-1,-1,-1,-1
L19.CATCAAGCACAACTGT-1,2,2,2,2,2,0,5,2,2,2,2,2,2,2,2,2,2,42,2,2,2,-1,-1,-1,4,2,0,-1,-1,-1
L19.CATCAAGAGTGGTAAT-1,2,2,2,2,2,7,2,2,2,2,2,2,2,2,2,-1,-1,-1,2,2,2,2,2,0,4,2,0,-1,-1,-1
L19.CATATGGTCGGTTCGG-1,2,2,2,2,2,36,2,2,2,2,2,2,2,2,2,2,2,0,2,2,2,2,2,0,4,2,0,-1,-1,-1
L19.CAGTAACTCGAATGCT-1,2,2,2,2,2,6,2,2,2,2,2,2,2,2,2,2,2,6,2,2,2,-1,-1,-1,0,2,0,-1,-1,-1
L19.CAGCTAATCTGCCAGG-1,2,2,2,2,2,31,2,2,2,2,2,2,2,2,2,2,2,39,2,2,2,-1,-1,-1,0,2,0,-1,-1,-1
L19.CAGCGACCACAGAGGT-1,2,2,5,2,2,7,4,2,2,2,2,2,2,2,2,2,2,43,2,2,2,2,2,0,3,6,16,-1,-1,-1
L19.CAGCCGACAATGGAAT-1,2,2,2,2,2,0,2,2,2,2,2,2,2,2,2,2,2,44,2,2,2,2,2,0,24,2,0,-1,-1,-1
L19.CAGCATAGTGGGTATG-1,2,2,2,2,2,36,2,2,2,2,2,2,2,2,2,2,2,15,2,2,2,2,2,6,10,2,0,-1,-1,-1
L19.CAGATCATCTCCTATA-1,2,2,5,2,2,3,4,2,2,2,2,2,2,2,2,2,2,6,2,2,2,2,2,48,3,5,6,-1,-1,-1
L19.CAGATCACAGTCAGCC-1,2,2,5,2,2,3,4,2,2,2,2,2,2,2,2,2,2,28,2,2,2,2,2,0,3,5,0,-1,-1,-1
L19.CACTCCAGTTATGTGC-1,-1,-1,-1,2,2,0,2,2,2,2,2,2,2,2,2,2,2,6,2,2,2,2,2,0,0,2,0,-1,-1,-1
L19.CACTCCACATTTCACT-1,2,2,2,2,2,0,2,2,2,2,2,2,2,2,2,2,2,6,2,2,2,2,2,0,0,2,2,-1,-1,-1
L19.CACTCCACACAGCGTC-1,-1,-1,-1,3,3,2,3,3,3,-1,-1,-1,3,2,2,3,3,2,2,2,3,3,3,2,4,3,2,2,0,2
L19.CACTCCAAGGTTACCT-1,2,2,2,2,2,56,2,2,2,2,2,2,2,2,2,13,2,26,2,2,2,2,2,12,0,2,0,-1,-1,-1
L19.CACCTTGTCCTGCTTG-1,2,2,2,2,2,0,2,2,2,2,2,2,2,2,2,2,2,45,2,2,2,2,2,0,0,2,0,-1,-1,-1
L19.CACCAGGAGTTATCGC-1,2,2,5,2,2,19,-1,-1,-1,2,2,2,2,2,2,2,2,19,2,2,2,2,2,49,3,17,6,-1,-1,-1
L19.CACATTTTCTAACTGG-1,-1,-1,-1,5,5,13,7,6,5,4,2,7,3,2,2,2,3,11,2,2,5,-1,-1,-1,4,8,0,4,2,4
L19.CACAAACAGCCCAACC-1,2,2,2,2,2,3,2,2,2,2,2,2,2,2,2,2,2,0,2,2,2,-1,-1,-1,2,2,0,-1,-1,-1
L19.CAAGTTGCACGAGGTA-1,2,2,2,2,2,57,2,2,2,2,2,2,2,2,2,7,2,0,2,2,2,2,2,0,-1,-1,-1,-1,-1,-1
L19.CAAGTTGAGACTCGGA-1,2,2,2,2,2,0,2,2,2,2,2,2,2,2,2,2,2,46,2,2,2,2,2,0,-1,-1,-1,-1,-1,-1
L19.CAAGGCCTCAGCGATT-1,2,2,6,2,2,7,4,2,2,2,2,2,2,2,2,2,2,47,2,2,2,2,2,0,3,5,0,-1,-1,-1
L19.CAAGATCTCCGTTGCT-1,2,2,2,2,2,0,0,2,2,2,2,2,4,2,2,2,2,0,2,2,2,2,2,5,4,6,0,-1,-1,-1
L19.CAAGATCGTCGCATAT-1,2,2,5,2,2,3,4,2,2,2,2,2,2,2,2,2,2,0,2,2,2,2,2,0,3,9,0,-1,-1,-1
L19.CAACTAGAGAATGTTG-1,2,2,2,2,2,6,2,2,2,2,2,2,2,2,2,2,2,0,2,2,2,2,2,2,24,2,0,-1,-1,-1
L19.ATTTCTGGTCCGTTAA-1,5,2,2,2,2,0,2,2,2,2,2,2,2,2,2,2,2,19,2,2,2,2,2,2,40,2,17,-1,-1,-1
L19.ATTGGTGAGTTCGCAT-1,2,2,2,2,2,0,2,2,2,2,2,2,2,2,2,2,2,0,2,2,2,2,2,8,3,2,0,-1,-1,-1
L19.ATTCTACAGTCTTGCA-1,2,2,2,2,2,0,2,2,2,2,2,2,2,2,2,2,2,0,2,2,2,2,2,0,32,2,0,-1,-1,-1
L19.ATTCTACAGTACGTAA-1,2,2,2,2,2,0,2,2,2,2,2,2,2,2,2,2,2,0,2,2,2,2,2,0,41,2,0,-1,-1,-1
L19.ATTATCCTCTGTTGAG-1,2,2,2,2,2,0,2,2,2,2,2,2,2,2,2,2,2,48,2,2,2,-1,-1,-1,-1,-1,-1,-1,-1,-1
L19.ATTATCCGTCTCCCTA-1,2,2,0,5,5,13,7,6,5,4,2,0,3,2,2,2,3,11,2,2,5,-1,-1,-1,4,8,0,4,2,4
L19.ATTATCCGTCGAATCT-1,2,2,2,2,2,7,2,2,2,2,2,2,-1,-1,-1,2,2,0,2,2,2,2,2,0,14,2,0,-1,-1,-1
L19.ATTATCCGTCAAGCGA-1,2,2,3,-1,-1,-1,3,3,3,-1,-1,-1,3,2,2,3,3,2,2,2,3,-1,-1,-1,-1,-1,-1,2,0,2
L19.ATTATCCAGGCAATTA-1,2,2,2,2,2,0,-1,-1,-1,2,2,2,2,2,2,-1,-1,-1,2,2,2,8,2,0,0,2,0,-1,-1,-1
L19.ATGTGTGTCGTAGGAG-1,2,2,2,2,2,16,2,2,2,2,2,2,2,2,2,2,2,0,2,2,2,2,2,0,0,2,18,-1,-1,-1
L19.ATGTGTGGTTCCACTC-1,0,4,7,4,4,6,6,5,11,2,4,4,11,2,2,2,5,6,-1,-1,-1,4,4,2,9,10,7,2,0,3
L19.ATGGGAGCAGCTCCGA-1,2,2,2,2,2,0,2,2,2,2,2,2,2,2,2,2,2,0,2,2,2,2,2,50,0,2,0,-1,-1,-1
L19.ATCTGCCTCGATCCCT-1,2,2,2,2,2,40,2,2,2,2,2,2,2,2,2,2,2,0,2,2,2,2,2,0,10,2,0,-1,-1,-1
L19.ATCTACTGTAGAAAGG-1,2,2,2,2,2,7,2,2,2,2,2,2,2,2,2,2,2,15,2,2,2,2,2,0,0,2,0,-1,-1,-1
L19.ATCTACTCACTATCTT-1,2,2,2,2,2,0,2,2,2,2,2,2,2,2,2,2,2,0,2,2,2,2,2,14,4,2,0,-1,-1,-1
L19.ATCGAGTGTAGCCTCG-1,2,2,2,2,2,7,2,2,2,2,2,2,2,2,2,2,2,47,2,2,2,2,2,0,4,2,0,-1,-1,-1
L19.ATCGAGTGTACTCAAC-1,2,2,2,2,2,0,2,2,2,2,2,2,2,2,2,14,2,49,2,2,2,2,2,0,0,2,0,-1,-1,-1
L19.ATCCGAAAGCCGGTAA-1,2,2,2,2,2,0,2,2,2,2,2,2,2,2,2,2,2,0,2,2,2,2,2,51,4,2,0,-1,-1,-1
L19.ATCCACCAGCCAGAAC-1,2,2,3,3,3,2,3,3,3,-1,-1,-1,-1,-1,-1,3,3,2,2,2,3,3,3,2,3,3,2,2,0,2
L19.ATAACGCTCTTGTTTG-1,2,2,2,2,2,0,2,2,2,2,2,2,2,2,2,2,2,0,2,2,2,2,2,52,4,2,0,-1,-1,-1
L19.ATAACGCGTGGGTCAA-1,2,2,2,2,2,0,2,2,2,2,2,2,2,2,2,2,2,0,2,2,2,2,2,53,31,2,0,-1,-1,-1
L19.ATAACGCAGTTCGCAT-1,2,2,0,5,5,13,7,6,5,4,2,12,3,2,2,2,3,10,2,2,5,-1,-1,-1,4,8,0,4,2,4
L19.AGTTGGTCAAGTACCT-1,-1,-1,-1,2,2,0,2,2,2,2,2,2,2,2,2,2,2,0,2,2,2,2,2,0,0,2,6,-1,-1,-1
L19.AGTGTCAAGCCCTAAT-1,2,2,2,2,2,0,2,2,2,2,2,2,2,2,2,2,2,34,2,2,2,2,2,2,0,2,0,-1,-1,-1
L19.AGTGAGGTCACAGGCC-1,2,2,0,2,2,3,4,2,2,2,2,2,2,2,2,2,2,30,2,2,2,2,2,0,3,6,0,-1,-1,-1
L19.AGTGAGGGTCTCCATC-1,2,2,2,2,2,7,2,2,2,2,2,2,2,2,2,2,2,0,2,2,2,2,2,12,0,2,0,-1,-1,-1
L19.AGTGAGGAGGCTCATT-1,2,2,2,2,2,0,2,2,2,2,2,2,2,2,2,2,2,0,2,2,2,-1,-1,-1,42,2,0,-1,-1,-1
L19.AGGGATGTCTGAAAGA-1,2,2,2,2,2,0,2,2,2,2,2,2,2,2,2,2,2,0,2,2,2,2,2,54,43,2,0,-1,-1,-1
L19.AGGCCGTTCCCTCAGT-1,2,2,2,2,2,11,2,2,2,-1,-1,-1,2,2,2,2,2,0,2,2,2,2,2,0,0,2,0,-1,-1,-1
L19.AGGCCGTAGCTAAACA-1,2,2,2,2,2,0,2,2,2,2,2,2,2,2,2,2,2,0,2,2,2,2,2,0,44,2,0,-1,-1,-1
L19.AGCTTGATCGTGTAGT-1,2,2,8,2,2,0,2,2,2,2,2,2,-1,-1,-1,2,2,0,2,2,2,2,2,0,0,2,0,-1,-1,-1
L19.AGCGTCGTCAGCCTAA-1,0,4,7,4,4,0,6,5,12,2,4,4,0,2,2,2,5,6,-1,-1,-1,4,4,2,9,10,7,2,0,3
L19.AGCGTCGAGGAACTGC-1,2,2,2,2,2,0,2,2,2,2,2,2,2,2,2,2,2,0,2,2,2,2,2,55,0,2,0,-1,-1,-1
L19.AGCGTCGAGCCCGAAA-1,2,2,2,2,2,0,2,2,2,2,2,2,4,2,2,2,2,0,2,2,2,2,2,5,4,6,6,-1,-1,-1
L19.AGCGTATAGAAGAAGC-1,2,2,5,2,2,3,4,2,2,2,2,2,2,2,2,2,2,50,2,2,2,2,2,0,3,14,0,-1,-1,-1
L19.AGCAGCCTCAGCATGT-1,2,2,2,2,2,0,2,2,2,2,2,2,2,2,2,2,2,0,2,2,2,2,2,14,31,2,0,-1,-1,-1
L19.AGCAGCCCACGGACAA-1,2,2,14,2,2,0,4,2,2,2,2,2,2,2,2,2,2,6,2,2,2,2,8,56,3,9,0,-1,-1,-1
L19.AGATCTGGTATAGGGC-1,2,2,5,2,2,0,4,2,2,2,2,2,2,2,2,2,2,0,2,2,2,2,2,2,3,6,0,-1,-1,-1
L19.AGATCTGAGGGTTCCC-1,2,2,2,2,2,0,2,2,2,2,2,2,2,2,2,2,2,51,3,2,2,2,2,0,37,2,6,-1,-1,-1
L19.AGAGCTTTCCTGCTTG-1,2,2,7,2,2,3,4,2,2,2,2,2,2,2,2,2,2,21,2,2,2,2,2,0,3,18,0,-1,-1,-1
L19.AGAGCTTGTGTTTGGT-1,2,2,5,2,2,28,4,2,2,2,2,2,2,2,2,2,2,0,2,2,2,2,2,57,3,13,6,-1,-1,-1
L19.AGAGCGAGTGCAGTAG-1,2,2,5,2,2,30,4,2,2,2,2,2,2,2,2,2,2,0,2,2,2,2,2,2,3,19,0,-1,-1,-1
L19.AGAGCGAGTAAACCTC-1,2,2,2,2,2,7,2,2,2,2,2,2,2,2,2,2,2,0,2,2,2,-1,-1,-1,2,2,0,-1,-1,-1
L19.AGACGTTAGCGCCTCA-1,2,2,2,2,2,0,2,2,2,2,2,2,2,2,2,2,2,0,2,2,2,2,2,0,4,2,0,2,0,3
L19.ACTTTCATCAGCGATT-1,2,2,2,2,2,0,2,2,2,2,2,2,2,2,2,2,2,0,2,2,2,2,2,18,6,2,0,-1,-1,-1
L19.ACTTACTGTAAATACG-1,2,2,3,3,3,2,3,3,3,-1,-1,-1,3,2,2,3,3,2,2,2,3,-1,-1,-1,-1,-1,-1,2,3,2
L19.ACTTACTAGCGTAATA-1,2,2,2,2,2,0,2,2,2,2,2,2,2,2,2,2,2,0,2,2,2,2,2,2,5,2,0,-1,-1,-1
L19.ACTGATGGTCTTGTCC-1,2,2,2,2,2,22,13,2,2,2,2,2,4,2,2,2,2,12,2,2,2,2,2,5,4,6,0,-1,-1,-1
L19.ACTGATGAGTTTGCGT-1,2,2,2,2,2,0,2,2,2,2,2,2,2,2,2,2,2,6,2,2,2,2,2,0,5,2,0,-1,-1,-1
L19.ACTGAGTTCACGGTTA-1,-1,-1,-1,2,2,0,2,2,2,-1,-1,-1,2,2,2,-1,-1,-1,2,2,2,2,2,36,0,2,0,-1,-1,-1
L19.ACTGAGTTCACAATGC-1,2,2,2,2,2,11,2,2,2,2,2,2,2,2,2,2,2,0,2,2,2,2,2,8,0,2,0,-1,-1,-1
L19.ACTGAACAGTAGCCGA-1,2,2,2,2,2,52,2,2,2,2,2,2,2,2,2,2,2,0,2,2,2,2,2,0,0,2,0,-1,-1,-1
L19.ACGTCAACATTAGGCT-1,2,2,2,-1,-1,-1,2,2,2,2,2,2,-1,-1,-1,2,2,3,2,2,2,2,2,0,-1,-1,-1,-1,-1,-1
L19.ACGTCAAAGTAGGTGC-1,-1,-1,-1,2,2,0,2,2,2,2,2,2,2,2,2,-1,-1,-1,2,2,2,2,2,0,4,2,0,-1,-1,-1
L19.ACGTCAAAGCCAGAAC-1,2,2,2,2,2,25,2,2,2,2,2,2,2,2,2,2,2,0,2,2,2,2,2,0,-1,-1,-1,-1,-1,-1
L19.ACGGGCTTCAAACCAC-1,2,2,5,2,2,24,4,2,2,2,2,2,2,2,2,2,2,6,2,2,2,2,2,17,3,0,0,-1,-1,-1
L19.ACGGGCTAGTCGCCGT-1,2,2,2,2,2,36,2,2,2,2,2,2,2,2,2,2,2,35,2,2,2,2,2,0,0,2,0,-1,-1,-1
L19.ACGGCCATCTTGACGA-1,2,2,6,2,2,19,4,2,2,2,2,2,2,2,2,2,2,26,2,2,2,2,2,0,3,20,16,-1,-1,-1
L19.ACGCCGAGTGACTCAT-1,2,2,2,2,2,36,2,2,2,2,2,2,2,2,2,2,2,0,2,2,2,2,2,58,0,2,0,-1,-1,-1
L19.ACGCCAGTCTCGCATC-1,2,2,2,2,2,0,2,2,2,2,2,2,2,2,2,2,2,6,2,2,2,-1,-1,-1,32,2,0,-1,-1,-1
L19.ACGCCAGCACCAGGTC-1,2,2,3,3,3,2,3,3,3,-1,-1,-1,3,2,2,3,3,2,3,2,3,3,3,2,4,3,2,2,0,2
L19.ACGCAGCGTAGCGTCC-1,2,2,2,2,2,0,2,2,2,2,2,2,2,2,2,2,2,52,2,2,2,2,2,0,4,2,10,-1,-1,-1
L19.ACGCAGCAGCGGATCA-1,2,2,2,-1,-1,-1,2,2,2,2,2,2,2,2,2,2,2,0,2,2,2,-1,-1,-1,0,2,5,-1,-1,-1
L19.ACGAGGATCATATCGG-1,2,2,2,2,2,0,2,2,2,2,2,2,2,2,2,2,2,53,2,2,2,2,2,0,4,2,0,-1,-1,-1
L19.ACGAGCCCATCTCGCT-1,2,2,0,2,2,3,4,2,2,2,2,2,2,2,2,2,2,54,2,2,2,2,2,0,3,21,0,-1,-1,-1
L19.ACCGTAACACCGAAAG-1,2,2,2,2,2,0,2,2,2,2,2,2,2,2,2,-1,-1,-1,2,2,2,2,2,0,6,2,0,-1,-1,-1
L19.ACCGTAAAGCCACGCT-1,2,2,2,2,2,3,2,2,2,2,2,2,2,2,2,2,2,0,2,2,2,2,2,0,37,2,0,-1,-1,-1
L19.ACCCACTAGGTGCAAC-1,2,2,5,2,2,3,4,2,2,2,2,2,2,2,2,2,2,28,2,2,2,2,2,6,3,5,0,-1,-1,-1
L19.ACATGGTGTACGCACC-1,2,2,2,2,2,0,2,2,2,2,2,2,2,2,2,2,2,0,2,2,2,2,2,59,4,2,0,-1,-1,-1
L19.ACATCAGTCCGCATCT-1,2,2,2,2,2,7,2,2,2,2,2,2,2,2,2,2,2,0,2,2,2,2,2,0,24,2,0,-1,-1,-1
L19.ACATACGCATTACCTT-1,2,2,2,2,2,0,2,2,2,2,2,2,2,2,2,2,2,35,2,2,2,2,2,0,-1,-1,-1,-1,-1,-1
L19.ACAGCTAAGCAGATCG-1,2,2,2,2,2,34,2,2,2,2,2,2,2,2,2,2,2,0,2,2,2,2,2,2,4,2,0,-1,-1,-1
L19.ACAGCCGAGAAGCCCA-1,2,2,5,2,2,7,0,2,2,2,2,2,2,2,2,2,2,6,2,2,2,2,2,4,-1,-1,-1,-1,-1,-1
L19.ACACTGAGTATATGGA-1,2,2,2,2,2,7,2,2,2,2,2,2,2,2,2,2,2,0,2,2,2,2,2,0,0,2,10,-1,-1,-1
L19.ACACCGGCATCCCATC-1,2,2,2,2,2,34,2,2,2,2,2,2,2,2,2,2,2,35,2,2,2,2,2,0,4,2,0,-1,-1,-1
L19.AATCGGTTCATTCACT-1,2,2,2,2,2,58,2,2,2,2,2,2,2,2,2,2,2,0,2,2,2,2,2,0,0,2,0,-1,-1,-1
L19.AAGTCTGAGAGTCGGT-1,3,3,6,-1,-1,-1,2,4,4,3,3,3,5,3,3,2,4,0,4,3,4,-1,-1,-1,2,7,4,3,0,7
L19.AAGTCTGAGAAGATTC-1,2,2,2,2,2,0,2,2,2,2,2,2,2,2,2,2,2,17,2,2,2,2,2,0,-1,-1,-1,-1,-1,-1
L19.AAGGTTCGTCCTCTTG-1,2,2,2,2,2,0,3,2,2,2,2,2,4,2,2,2,2,0,2,2,2,2,2,5,3,6,0,-1,-1,-1
L19.AAGGTTCAGAGCTGGT-1,2,2,3,3,3,2,3,3,3,-1,-1,-1,3,2,2,3,3,2,2,2,3,3,3,2,2,7,4,2,0,2
L19.AAGGCAGAGCAACGGT-1,2,2,5,2,2,3,4,2,2,2,2,2,2,2,2,2,2,0,2,2,2,2,2,2,3,22,0,-1,-1,-1
L19.AAGGAGCCAGCTCCGA-1,2,2,2,2,2,7,2,2,2,2,2,2,2,2,2,2,2,0,2,2,2,2,2,2,4,2,0,-1,-1,-1
L19.AAGCCGCAGCTAAACA-1,2,2,2,2,2,59,2,2,2,2,2,2,2,2,2,2,2,0,2,2,2,2,2,8,4,2,0,-1,-1,-1
L19.AACTTTCGTCTCTCGT-1,2,2,2,7,7,0,2,2,2,2,2,2,2,2,2,2,2,55,2,2,2,2,2,0,0,2,0,-1,-1,-1
L19.AACTCTTGTCGAAAGC-1,2,2,3,3,3,2,3,3,3,3,2,0,3,2,2,3,3,2,6,2,3,3,3,2,3,3,2,2,0,2
L19.AACTCAGCACTGTTAG-1,2,2,2,2,2,0,2,2,2,2,2,2,2,2,2,2,2,0,2,2,2,2,2,60,0,2,0,-1,-1,-1
L19.AAATGCCTCATAGCAC-1,2,2,2,2,2,0,2,2,2,2,2,2,2,2,2,-1,-1,-1,2,2,2,2,2,0,44,2,0,-1,-1,-1
L19.AAAGTAGAGAGACGAA-1,2,2,5,2,2,3,4,2,2,2,2,2,2,2,2,2,2,6,2,2,2,2,2,0,3,0,16,-1,-1,-1
L19.AAAGATGTCTACTATC-1,0,4,7,4,4,0,6,5,4,2,4,4,0,2,2,7,5,6,-1,-1,-1,4,4,2,9,10,7,2,0,3
L19.AAAGATGGTTAAGACA-1,2,2,2,2,2,9,2,2,2,2,2,2,2,2,2,-1,-1,-1,2,2,2,2,2,0,2,2,0,-1,-1,-1
L19.AAACGGGAGTCGCCGT-1,2,2,2,2,2,8,2,2,2,2,2,2,2,2,2,2,2,0,2,2,2,-1,-1,-1,0,2,0,-1,-1,-1
L18.TTTGTCACACAGGTTT-1,2,2,15,2,2,0,0,2,2,2,2,2,10,2,2,2,2,0,2,2,2,2,2,0,2,19,0,-1,-1,-1
L18.TTTGTCAAGCAGGTCA-1,2,2,0,5,5,13,7,6,5,4,2,0,3,2,2,-1,-1,-1,2,2,5,-1,-1,-1,45,8,0,4,2,4
L18.TTTGTCAAGATGTAAC-1,2,7,16,5,8,0,-1,-1,-1,4,7,0,13,6,6,15,5,0,2,5,0,9,7,6,7,23,0,5,0,0
L18.TTTGGTTCACCGAATT-1,2,2,17,5,5,13,14,10,13,4,2,0,3,2,2,16,3,0,7,2,5,-1,-1,-1,2,8,0,4,2,4
L18.TTTGGTTAGACGCAAC-1,2,2,0,5,5,13,2,10,3,4,2,13,3,2,2,16,3,56,2,2,5,-1,-1,-1,2,8,6,4,2,4
L18.TTTGCGCTCTGTACGA-1,3,3,6,-1,-1,-1,2,4,4,3,3,3,14,3,3,0,4,0,4,3,4,-1,-1,-1,2,7,4,3,0,0
L18.TTTGCGCTCGGAAATA-1,3,3,6,6,9,36,2,4,14,2,3,14,5,3,3,15,4,11,4,3,4,10,3,6,-1,-1,-1,3,0,8
L18.TTTGCGCAGAGCAATT-1,2,2,2,2,2,0,2,2,2,2,2,2,2,2,2,2,2,0,2,2,2,-1,-1,-1,46,2,0,-1,-1,-1
L18.TTTCCTCTCATTGCGA-1,2,2,0,5,5,13,7,6,5,4,2,15,3,2,2,2,3,0,8,2,5,-1,-1,-1,4,8,19,4,2,4
L18.TTTCCTCGTAAGTTCC-1,2,2,0,5,5,13,7,6,5,4,2,0,3,2,2,2,3,0,2,2,5,-1,-1,-1,0,8,18,4,2,4
L18.TTGTAGGCATGCTAGT-1,2,8,18,5,10,0,2,7,6,4,8,0,15,7,2,2,5,6,9,6,8,11,0,36,-1,-1,-1,3,0,9
L18.TTGTAGGCACAGGAGT-1,3,3,6,6,9,36,2,4,14,2,3,14,5,3,3,15,4,11,4,3,4,10,3,61,-1,-1,-1,3,0,8
L18.TTGGCAATCAGTCCCT-1,2,2,19,8,5,13,7,6,5,4,2,15,3,2,2,-1,-1,-1,2,2,5,-1,-1,-1,47,8,19,4,2,4
L18.TTGGCAACACCTATCC-1,2,2,2,2,2,0,6,2,2,2,2,2,9,2,2,2,2,0,2,2,2,2,9,37,13,24,0,-1,-1,-1
L18.TTGGCAACAAGCCGCT-1,-1,-1,-1,2,2,0,4,2,2,2,2,2,9,2,2,2,2,0,2,2,2,-1,-1,-1,-1,-1,-1,-1,-1,-1
L18.TTGGAACTCGTTACGA-1,2,2,0,2,2,60,0,2,2,2,2,2,10,2,2,2,2,0,2,2,2,2,2,0,2,19,0,-1,-1,-1
L18.TTGCGTCCAAGTTGTC-1,3,3,6,6,9,36,2,4,14,0,3,0,5,3,3,15,4,11,4,3,4,-1,-1,-1,2,7,20,3,0,0
L18.TTGCGTCCAAAGTGCG-1,-1,-1,-1,9,11,61,3,11,0,4,3,0,2,8,2,17,4,23,-1,-1,-1,4,10,0,2,25,15,6,0,10
L18.TTGCCGTAGGATGGTC-1,2,2,20,5,5,13,7,6,5,4,2,8,3,2,2,8,6,18,2,2,5,-1,-1,-1,4,8,0,4,2,4
L18.TTGACTTGTTGGGACA-1,2,2,0,5,5,13,7,6,5,4,2,16,3,2,2,2,3,0,2,2,5,-1,-1,-1,5,8,0,4,2,4
L18.TTGAACGTCACAATGC-1,2,7,16,-1,-1,-1,-1,-1,-1,4,7,0,13,6,6,15,5,0,2,5,0,9,7,6,7,23,0,5,0,11
L18.TTGAACGGTGATGCCC-1,2,2,6,5,5,13,7,6,5,4,2,3,3,2,2,6,3,0,2,2,5,-1,-1,-1,4,8,0,4,2,4
L18.TTGAACGGTAGTGAAT-1,3,3,0,6,6,15,8,7,6,5,5,5,5,3,3,4,4,6,4,3,4,5,5,9,2,2,16,3,0,12
L18.TTGAACGCATCGTCGG-1,3,3,6,6,9,36,2,4,14,2,3,14,5,3,3,15,4,11,4,3,4,10,3,0,-1,-1,-1,3,0,8
L18.TTCTTAGCAGCCTATA-1,2,2,0,5,5,13,7,6,5,4,2,8,3,2,2,8,6,18,2,2,5,-1,-1,-1,4,8,0,4,2,4
L18.TTCTCCTCAAACCTAC-1,2,2,21,5,5,13,7,6,5,4,2,17,3,2,2,6,3,11,2,2,5,-1,-1,-1,45,8,0,4,2,4
L18.TTCTCAATCCCTCTTT-1,2,2,0,5,5,13,7,6,5,4,2,18,3,2,2,0,3,0,2,2,5,-1,-1,-1,45,8,6,4,2,4
L18.TTCTACATCACCGGGT-1,2,2,0,5,5,13,7,6,5,4,2,16,16,2,2,18,3,0,2,2,5,-1,-1,-1,40,8,0,4,2,4
L18.TTCGAAGGTTACAGAA-1,3,3,0,6,9,36,2,4,14,7,9,19,5,3,3,15,4,11,4,3,4,10,3,0,2,7,7,3,0,0
L18.TTCGAAGGTCAGGACA-1,2,2,22,5,5,13,7,6,5,4,2,8,3,2,2,8,6,18,2,2,5,-1,-1,-1,4,8,0,4,2,4
L18.TTCGAAGCAAGTTGTC-1,6,9,6,5,12,62,15,12,0,8,10,3,2,9,7,2,9,0,10,7,9,12,11,62,4,11,0,7,0,9
L18.TTCCCAGGTGTTTGTG-1,2,2,21,5,5,13,7,6,5,4,2,17,3,2,2,19,3,0,2,2,5,-1,-1,-1,45,8,0,4,2,4
L18.TTCCCAGGTGGCCCTA-1,2,2,2,2,2,0,4,2,2,2,2,2,9,2,2,2,2,0,2,2,2,2,9,37,0,6,21,-1,-1,-1
L18.TTCCCAGGTCTGCCAG-1,2,2,0,5,5,13,7,6,5,4,2,0,3,2,2,0,3,0,2,2,5,-1,-1,-1,45,8,0,4,2,4
L18.TTCCCAGGTACTTAGC-1,2,2,2,2,2,0,4,2,2,2,2,2,9,2,2,2,2,57,2,2,2,2,9,37,0,0,0,-1,-1,-1
L18.TTCCCAGCAAATTGCC-1,2,7,19,10,8,0,-1,-1,-1,4,7,20,13,6,2,15,5,35,0,5,0,11,7,0,-1,-1,-1,8,0,0
L18.TTAGTTCGTGCACTTA-1,2,2,23,2,2,0,0,2,2,2,2,2,10,2,2,2,2,0,2,2,2,2,2,0,2,19,0,-1,-1,-1
L18.TTAGGCATCCCAACGG-1,2,2,0,8,5,13,7,6,5,4,2,15,3,2,2,20,3,0,2,2,5,-1,-1,-1,47,8,19,4,2,4
L18.TTAGGACCACACAGAG-1,2,2,24,5,5,13,7,6,5,4,2,0,3,2,2,2,3,0,2,2,5,-1,-1,-1,4,8,0,4,2,4
L18.TGTTCCGAGTGAATTG-1,2,10,0,11,13,63,2,13,3,9,11,21,2,10,2,21,8,25,5,6,10,4,12,0,4,8,0,9,0,0
L18.TGTTCCGAGCATGGCA-1,-1,-1,-1,12,14,64,4,7,6,10,12,3,17,11,2,22,10,11,2,8,11,13,13,63,4,26,6,8,0,0
L18.TGTGTTTGTGTTGAGG-1,3,3,0,6,6,15,8,7,6,5,5,5,5,3,3,4,4,6,4,3,4,5,5,9,2,2,0,3,0,12
L18.TGTGTTTAGCGTGAGT-1,2,7,16,5,8,0,-1,-1,-1,4,7,0,13,6,6,15,5,0,2,5,0,9,7,6,7,23,2,5,0,0
L18.TGTGGTAAGTTGTAGA-1,3,3,0,6,6,15,8,7,6,5,5,5,5,3,3,4,4,6,4,3,4,5,5,9,2,2,22,3,0,0
L18.TGTCCCATCGTTTATC-1,3,3,0,6,6,15,8,7,6,5,5,5,5,3,3,4,4,6,4,3,4,5,5,9,2,2,0,3,0,0
L18.TGGTTCCTCCTTTACA-1,2,2,6,5,5,13,7,6,5,4,2,8,3,2,2,2,3,58,2,2,5,-1,-1,-1,4,8,0,4,2,4
L18.TGGTTAGGTTCGAATC-1,7,11,0,13,12,20,2,5,0,-1,-1,-1,18,12,8,0,11,0,10,7,3,-1,-1,-1,2,27,0,8,0,13
L18.TGGTTAGAGTTCGATC-1,8,12,17,-1,-1,-1,16,2,3,-1,-1,-1,19,11,9,4,9,6,2,9,12,4,14,15,11,28,17,8,0,14
L18.TGGGCGTTCAGCGATT-1,3,3,6,6,9,36,2,4,14,2,3,14,5,3,3,15,4,11,4,3,4,10,3,19,-1,-1,-1,3,0,8
L18.TGGGCGTGTCGGCTCA-1,3,3,6,6,9,36,2,4,14,2,3,14,5,3,3,15,4,11,4,3,4,10,3,21,-1,-1,-1,3,0,8
L18.TGGGAAGTCCATGCTC-1,2,2,0,5,5,13,7,6,5,4,2,16,3,2,2,18,3,0,2,2,5,-1,-1,-1,40,8,0,4,2,4
L18.TGGCGCACAGACTCGC-1,2,2,0,5,5,13,7,6,5,4,2,6,3,2,2,6,3,0,2,2,5,-1,-1,-1,-1,-1,-1,4,2,4
L18.TGGCGCAAGTTGCAGG-1,3,3,6,6,6,15,8,7,6,5,5,5,5,3,3,4,4,6,4,3,4,5,5,9,2,2,0,3,0,0
L18.TGGCGCAAGTATCTCG-1,2,7,0,14,8,7,-1,-1,-1,4,7,0,13,6,6,15,5,0,11,5,0,-1,-1,-1,2,23,23,2,0,0
L18.TGGCCAGTCCAATGGT-1,2,2,0,5,5,13,7,6,5,4,2,8,3,2,2,2,3,12,2,2,5,-1,-1,-1,48,8,0,4,2,4
L18.TGGCCAGCAGTATCTG-1,2,2,0,5,5,13,7,6,5,4,2,0,3,2,2,2,3,6,2,2,5,-1,-1,-1,-1,-1,-1,4,2,4
L18.TGGCCAGCACTGTGTA-1,3,3,6,6,6,15,8,7,6,5,5,5,5,3,3,4,4,6,4,3,4,5,5,9,2,2,0,3,0,15
L18.TGGACGCCAGTGAGTG-1,2,2,6,5,5,13,7,6,5,4,2,22,3,2,2,19,3,0,2,2,5,-1,-1,-1,-1,-1,-1,4,2,4
L18.TGCTGCTCACTGTTAG-1,2,2,0,5,5,13,7,6,5,4,2,23,3,2,2,0,3,0,2,2,5,-1,-1,-1,45,8,0,4,2,4
L18.TGCGTGGTCCGCGCAA-1,2,2,0,5,5,13,7,6,5,4,2,0,3,2,2,23,3,0,2,2,5,-1,-1,-1,-1,-1,-1,4,2,4
L18.TGCGTGGGTTAAGTAG-1,9,6,11,-1,-1,-1,7,6,5,11,13,20,15,7,10,6,12,59,-1,-1,-1,0,15,64,4,6,7,8,0,16
L18.TGCGTGGAGCTTCGCG-1,2,7,16,5,8,0,-1,-1,-1,4,7,0,13,6,6,15,5,15,2,5,0,9,7,6,7,23,0,5,0,0
L18.TGCGCAGAGGTCATCT-1,2,2,0,8,5,13,7,6,5,4,2,15,-1,-1,-1,0,3,0,2,2,5,-1,-1,-1,47,8,19,4,2,4
L18.TGCCCTAAGTTTGCGT-1,2,2,0,5,5,13,7,6,5,12,2,0,3,2,2,4,3,0,2,2,5,-1,-1,-1,-1,-1,-1,4,2,4
L18.TGCCCATAGTTTAGGA-1,2,2,21,5,5,13,7,6,5,4,2,17,3,2,2,20,3,0,2,2,5,-1,-1,-1,45,8,0,4,2,4
L18.TGCCAAACATGTTGAC-1,2,2,0,2,2,0,0,2,2,2,2,2,10,2,2,2,2,0,2,2,2,2,2,8,2,19,0,-1,-1,-1
L18.TGCCAAAAGAACTCGG-1,2,2,2,2,2,65,4,2,2,2,2,2,9,2,2,2,2,0,2,2,2,-1,-1,-1,24,29,0,-1,-1,-1
L18.TGATTTCGTCTGATTG-1,-1,-1,-1,6,6,15,8,7,6,5,5,5,5,3,3,4,4,6,4,3,4,5,5,9,2,2,0,3,0,12
L18.TGAGGGAGTAAATACG-1,2,2,0,5,5,13,7,6,5,4,2,0,3,2,2,24,3,0,2,2,5,-1,-1,-1,45,8,0,4,2,4
L18.TGAGCCGAGTCTCGGC-1,2,7,16,-1,-1,-1,-1,-1,-1,-1,-1,-1,13,6,6,15,5,6,2,5,12,9,7,6,7,23,6,-1,-1,-1
L18.TGAGCCGAGGAATCGC-1,2,2,0,5,5,13,7,6,5,4,2,8,3,2,2,8,6,18,2,2,5,-1,-1,-1,0,8,0,4,2,4
L18.TGAGCCGAGACCGGAT-1,2,2,0,5,5,13,17,14,0,4,2,0,3,2,2,16,3,0,12,2,5,-1,-1,-1,2,8,0,4,2,4
L18.TGAGCATAGCAACGGT-1,2,2,0,5,5,13,7,6,5,4,2,0,3,2,2,25,3,7,2,2,5,-1,-1,-1,0,8,0,4,2,4
L18.TGAGAGGAGTAGCGGT-1,2,2,0,5,5,13,7,6,5,4,2,0,3,2,2,0,3,6,2,2,5,-1,-1,-1,45,8,0,4,2,4
L18.TGACTTTGTTACGACT-1,2,2,0,5,5,13,7,6,5,4,2,0,3,2,2,6,3,0,2,2,5,-1,-1,-1,-1,-1,-1,4,2,4
L18.TGACTTTAGTGCCAGA-1,2,2,6,5,5,13,7,6,5,4,2,0,3,2,2,2,3,0,2,2,5,-1,-1,-1,4,8,0,4,2,4
L18.TGACTAGGTTGTGGCC-1,2,6,11,11,15,66,6,15,11,13,14,24,4,13,4,26,13,6,-1,-1,-1,14,0,0,0,30,0,-1,-1,-1
L18.TGACGGCGTTCTCATT-1,2,2,6,5,5,13,7,6,5,4,2,0,3,2,2,25,3,55,2,2,5,-1,-1,-1,7,8,0,4,2,4
L18.TGAAAGACATATACCG-1,2,2,0,5,5,13,7,6,5,4,2,0,3,2,2,2,3,0,2,2,5,-1,-1,-1,45,8,0,4,2,4
L18.TGAAAGAAGCGCTTAT-1,2,2,2,2,2,0,4,2,2,2,2,2,9,2,2,2,2,51,2,2,2,2,2,61,4,8,0,-1,-1,-1
L18.TCTTTCCTCTATCGCC-1,2,10,0,11,13,0,2,13,0,9,11,0,2,10,0,0,5,0,5,6,10,4,12,0,0,31,0,9,0,0
L18.TCTGGAATCTGGTGTA-1,2,2,19,5,5,13,7,6,5,4,2,0,3,2,2,2,3,6,2,2,5,-1,-1,-1,45,8,0,4,2,4
L18.TCTGGAAGTAAGAGAG-1,-1,-1,-1,15,5,7,18,16,8,-1,-1,-1,15,7,0,27,9,60,13,10,3,15,14,0,2,19,0,2,0,17
L18.TCTGAGATCTAGAGTC-1,2,2,6,5,5,13,7,6,5,4,2,0,3,2,2,20,3,0,2,2,5,-1,-1,-1,45,8,0,4,2,4
L18.TCTGAGAAGGTGTTAA-1,2,6,11,-1,-1,-1,2,9,10,-1,-1,-1,17,5,2,4,7,24,2,4,13,2,7,0,20,7,11,3,0,0
L18.TCTCTAATCCTCAATT-1,2,2,6,5,5,13,7,6,5,4,2,8,3,2,2,0,3,0,2,2,5,-1,-1,-1,4,8,0,4,2,4
L18.TCTCTAATCCCTGACT-1,2,2,25,2,2,60,0,2,2,2,2,2,10,2,2,2,2,0,2,2,2,2,2,0,2,19,0,-1,-1,-1
L18.TCTATTGTCGACGGAA-1,2,2,26,5,5,13,7,6,5,4,2,8,3,2,2,8,6,18,2,2,5,-1,-1,-1,3,8,0,4,2,4
L18.TCGTAGAGTCGCGGTT-1,2,2,2,2,2,67,4,2,2,2,2,2,9,2,2,2,2,51,2,2,2,2,2,61,-1,-1,-1,-1,-1,-1
L18.TCGTACCCATCGGACC-1,2,2,2,2,2,0,4,2,2,2,2,2,9,2,2,2,2,57,2,2,2,-1,-1,-1,37,32,0,-1,-1,-1
L18.TCGTACCAGATGTGTA-1,2,2,0,5,5,13,7,6,5,4,2,20,3,2,2,2,3,61,2,2,5,-1,-1,-1,4,8,0,4,2,4
L18.TCGGGACTCCGGCACA-1,2,7,7,0,8,0,-1,-1,-1,0,7,20,13,6,2,15,5,35,14,5,12,11,7,0,-1,-1,-1,10,0,0
L18.TCGCGAGCATTGGGCC-1,3,3,6,-1,-1,-1,2,4,4,3,3,3,5,3,3,28,4,0,4,3,4,-1,-1,-1,2,7,4,3,0,12
L18.TCGAGGCTCTGTGCAA-1,2,2,7,5,5,13,7,6,5,4,2,0,3,2,2,2,3,0,2,2,5,-1,-1,-1,4,8,0,4,2,4
L18.TCGAGGCTCGATCCCT-1,10,2,17,5,14,64,-1,-1,-1,14,12,3,2,12,8,4,5,12,-1,-1,-1,-1,-1,-1,0,33,11,11,0,9
L18.TCGAGGCTCAGCAACT-1,2,6,11,16,16,47,19,11,3,15,15,3,17,8,0,22,10,0,10,7,3,4,16,8,2,34,0,12,0,9
L18.TCGAGGCCATTACCTT-1,3,3,6,6,9,36,2,4,14,3,3,9,5,3,3,15,4,11,4,3,4,-1,-1,-1,2,7,20,3,0,0
L18.TCGAGGCCAGCTCGCA-1,2,2,2,2,2,0,4,2,2,2,2,2,20,2,2,2,2,0,2,2,2,-1,-1,-1,4,0,2,-1,-1,-1
L18.TCCCGATTCTAACTTC-1,2,2,0,5,5,13,7,6,5,4,2,0,3,2,2,2,3,0,2,2,5,-1,-1,-1,5,8,0,4,2,4
L18.TCCCGATAGTAATCCC-1,2,2,27,5,5,13,7,6,5,4,2,25,3,2,2,4,3,62,2,2,5,-1,-1,-1,3,8,0,4,2,4
L18.TCCACACCACTATCTT-1,2,2,0,5,5,13,7,6,5,4,2,17,3,2,2,29,3,0,2,2,5,-1,-1,-1,0,8,0,4,2,4
L18.TCATTACGTTTGCATG-1,2,2,28,8,5,13,7,6,5,4,2,15,3,2,2,20,3,0,2,2,5,-1,-1,-1,47,8,19,4,2,4
L18.TCAGGATGTGACAAAT-1,10,13,20,17,0,0,20,17,3,4,16,20,15,7,2,-1,-1,-1,2,11,14,16,17,65,2,2,10,2,0,18
L18.TCAGCTCAGGCCCGTT-1,2,2,29,5,5,13,7,6,5,4,2,0,3,2,2,2,3,0,2,2,5,-1,-1,-1,-1,-1,-1,4,2,4
L18.TCACAAGTCGAGAACG-1,2,2,7,5,5,13,7,6,5,4,2,20,3,2,2,2,3,0,2,2,5,-1,-1,-1,45,8,6,4,2,4
L18.TATTACCTCACCTCGT-1,2,2,6,5,5,13,7,6,5,4,2,26,3,2,2,0,3,0,2,2,5,-1,-1,-1,4,8,0,4,2,4
L18.TATTACCCATACGCTA-1,2,2,2,2,2,6,-1,-1,-1,2,2,2,-1,-1,-1,2,2,0,2,2,2,2,2,0,49,35,6,-1,-1,-1
L18.TATGCCCGTCGTTGTA-1,2,2,30,5,5,13,7,6,5,4,2,16,3,2,2,2,3,0,2,2,5,-1,-1,-1,0,8,0,4,2,4
L18.TATCTCACAGATCGGA-1,2,2,0,2,2,0,0,2,2,2,2,2,10,2,2,2,2,0,2,2,2,2,2,0,2,19,0,-1,-1,-1
L18.TATCAGGGTCTCCACT-1,-1,-1,-1,8,5,13,7,6,5,4,2,15,3,2,2,0,3,15,2,2,5,-1,-1,-1,47,8,19,4,2,4
L18.TAGTGGTCAAGTTAAG-1,2,2,0,5,5,13,7,6,5,4,2,8,3,2,2,2,3,0,2,2,5,-1,-1,-1,48,8,0,4,2,4
L18.TAGGCATAGCCCAGCT-1,2,2,0,5,5,13,7,6,5,4,2,8,3,2,2,8,6,18,2,2,5,-1,-1,-1,50,8,0,4,2,4
L18.TAGCCGGTCTTCAACT-1,2,2,31,5,5,13,7,6,5,4,2,0,3,2,2,20,3,0,2,2,5,-1,-1,-1,45,8,0,4,2,4
L18.TAGCCGGTCGTCTGAA-1,2,2,32,5,5,13,7,6,5,4,2,8,3,2,2,4,3,6,2,2,5,-1,-1,-1,48,8,0,4,2,4
L18.TAGCCGGGTAAGTAGT-1,2,2,33,5,5,13,7,6,5,4,2,0,3,2,2,2,3,0,2,2,5,-1,-1,-1,45,8,24,4,2,4
L18.TAGCCGGAGGGCTTGA-1,2,2,19,2,2,60,0,2,2,2,2,2,10,2,2,2,2,0,2,2,2,2,18,0,2,19,22,-1,-1,-1
L18.TAGAGCTCATCCTTGC-1,3,3,20,-1,-1,-1,2,18,4,5,5,5,5,3,3,4,4,0,4,3,4,5,5,9,2,2,0,3,0,0
L18.TAGAGCTCAACACGCC-1,3,3,0,6,6,15,8,7,6,5,5,5,5,3,3,4,4,6,4,3,4,5,5,9,-1,-1,-1,-1,-1,-1
L18.TAGACCAGTAGCGCTC-1,2,2,14,5,5,13,7,6,5,4,2,0,3,2,2,30,3,6,2,2,5,-1,-1,-1,45,8,0,4,2,4
L18.TAGACCAGTAGCGATG-1,-1,-1,-1,9,17,61,21,11,3,16,3,27,4,14,2,17,5,8,14,6,15,4,19,2,-1,-1,-1,13,0,10
L18.TACTTACGTTTGGCGC-1,2,2,20,5,5,13,7,6,5,4,2,8,3,2,2,0,3,0,2,2,5,-1,-1,-1,-1,-1,-1,4,2,4
L18.TACTCGCTCCGCGGTA-1,3,3,0,6,6,15,8,19,4,5,5,5,5,3,3,4,4,11,4,3,4,5,5,9,2,2,0,3,0,0
L18.TACTCGCAGGTTACCT-1,-1,-1,-1,9,18,61,2,11,15,2,3,27,4,14,2,17,4,15,13,10,15,4,17,65,-1,-1,-1,13,0,10
L18.TACTCATTCTGAAAGA-1,2,2,0,5,5,13,7,6,5,4,2,3,3,2,2,8,6,18,2,2,5,-1,-1,-1,45,8,0,4,2,4
L18.TACTCATGTCCGAAGA-1,2,2,2,2,2,17,22,2,2,2,2,2,0,2,2,2,2,0,2,2,2,-1,-1,-1,4,36,0,-1,-1,-1
L18.TACGGTATCCTCAACC-1,3,3,6,6,9,36,5,4,14,2,3,14,5,3,3,15,4,11,4,3,4,10,3,0,-1,-1,-1,3,0,8
L18.TACGGTAGTTCTGAAC-1,2,2,0,5,5,13,7,6,5,4,2,0,3,2,2,20,3,0,2,2,5,-1,-1,-1,45,8,0,4,2,4
L18.TACGGGCCACAGGCCT-1,2,2,0,5,5,13,7,6,5,4,2,15,3,2,2,2,3,0,2,2,5,-1,-1,-1,0,8,19,4,2,4
L18.TACGGGCAGTGCAAGC-1,-1,-1,-1,-1,-1,-1,4,11,0,4,3,27,4,14,2,17,4,63,13,10,15,4,7,66,0,29,0,13,0,10
L18.TACGGATTCCATTCTA-1,3,3,6,6,6,15,8,19,16,5,5,5,5,3,3,4,4,35,4,3,4,5,5,9,2,2,6,3,0,0
L18.TACGGATTCAATCACG-1,2,2,27,5,5,13,7,6,5,4,2,0,3,2,2,4,3,15,2,2,5,-1,-1,-1,0,8,0,4,2,4
L18.TACCTTAGTACTCGCG-1,8,12,7,-1,-1,-1,15,12,0,4,17,28,2,9,2,2,9,64,10,7,9,17,20,0,2,8,0,4,2,4
L18.TACCTTACAAGGCTCC-1,2,10,7,-1,-1,-1,2,13,3,9,11,0,2,10,11,-1,-1,-1,5,6,10,-1,-1,-1,0,3,0,9,0,0
L18.TACCTTAAGTGCGATG-1,2,2,0,5,5,13,7,6,5,4,2,8,3,2,2,8,6,18,2,2,5,-1,-1,-1,51,8,0,4,2,4
L18.TACCTATTCTTACCGC-1,2,2,0,5,5,13,7,6,5,4,2,0,3,2,2,25,3,0,2,2,5,-1,-1,-1,7,8,0,4,2,4
L18.TACCTATGTTCCAACA-1,2,2,34,5,5,13,7,6,5,4,2,0,3,2,2,2,3,0,2,2,5,-1,-1,-1,-1,-1,-1,4,2,4
L18.TACCTATCATCGTCGG-1,2,2,21,5,5,13,7,6,5,4,2,17,3,2,2,31,3,65,2,2,5,-1,-1,-1,45,8,0,4,2,4
L18.TACCTATAGTCCGTAT-1,2,2,0,18,5,13,7,6,5,4,2,0,3,2,2,2,3,0,2,2,5,-1,-1,-1,4,8,0,4,2,4
L18.TACAGTGAGTTAGCGG-1,3,3,33,6,6,15,8,5,0,5,5,5,5,3,3,4,4,0,4,3,4,5,5,9,2,2,0,3,0,19
L18.TAAGTGCAGATGGCGT-1,2,2,0,5,5,13,7,6,5,4,2,3,3,2,2,2,3,15,2,2,5,-1,-1,-1,45,8,0,4,2,4
L18.TAAGAGACAGGGAGAG-1,2,2,0,5,5,13,7,6,5,4,2,0,3,2,2,0,3,0,2,2,5,-1,-1,-1,4,8,0,4,2,4
L18.TAAGAGACAGCGTAAG-1,0,10,0,-1,-1,-1,2,13,3,9,11,0,2,10,0,0,5,7,5,6,10,-1,-1,-1,-1,-1,-1,9,0,20
L18.TAAGAGACACCATCCT-1,3,3,0,6,6,15,8,7,6,5,5,5,5,3,3,4,4,6,4,3,4,5,5,9,2,2,0,3,0,9
L18.TAAACCGCACAGGAGT-1,2,2,0,5,5,13,7,6,5,-1,-1,-1,3,2,2,2,3,0,2,2,5,-1,-1,-1,-1,-1,-1,4,2,4
L18.GTTTCTACAATGAAAC-1,2,2,0,19,5,13,7,6,5,4,2,0,3,2,2,4,3,0,2,2,5,-1,-1,-1,45,8,0,4,2,4
L18.GTTCTCGCATGCAACT-1,2,2,0,5,5,13,7,6,5,4,2,8,3,2,2,32,3,0,2,2,5,-1,-1,-1,10,8,0,4,2,4
L18.GTTCGGGTCGGACAAG-1,2,2,31,5,5,13,7,6,5,4,2,20,3,2,2,20,3,0,2,2,5,-1,-1,-1,45,8,0,4,2,4
L18.GTTCATTGTGAGTGAC-1,2,2,35,5,5,13,7,6,5,4,2,18,3,2,2,0,3,66,2,2,5,-1,-1,-1,45,8,6,4,2,4
L18.GTTCATTAGCACGCCT-1,3,3,6,6,9,36,2,4,14,4,3,0,5,3,3,15,4,11,4,3,4,10,3,2,2,7,0,3,0,0
L18.GTTACAGGTGAAATCA-1,2,2,21,5,5,13,7,6,5,4,2,17,3,2,2,20,3,0,2,2,5,-1,-1,-1,45,8,25,4,2,4
L18.GTTAAGCCATATACGC-1,2,2,0,5,5,13,7,6,5,4,2,6,3,2,2,33,3,67,2,2,5,-1,-1,-1,5,8,0,4,2,4
L18.GTGTTAGTCAAGATCC-1,2,2,21,5,5,13,7,6,5,4,2,17,3,2,2,23,3,68,2,2,5,-1,-1,-1,45,8,0,4,2,4
L18.GTGTGCGGTGCGATAG-1,2,7,16,5,8,0,-1,-1,-1,4,7,0,13,6,6,15,5,0,2,5,0,9,7,6,7,23,24,5,5,9
L18.GTGGGTCTCACGCATA-1,2,2,0,5,5,13,7,6,5,-1,-1,-1,3,2,2,2,3,0,2,2,5,-1,-1,-1,4,8,0,4,2,4
L18.GTGCTTCCAGGGTACA-1,3,3,6,6,9,36,2,4,14,-1,-1,-1,5,3,3,15,4,11,4,3,4,10,3,8,2,7,6,3,0,9
L18.GTGCGGTAGTGTACGG-1,2,2,0,5,5,13,7,6,5,4,2,17,3,2,2,29,3,0,2,2,5,-1,-1,-1,45,8,0,4,2,4
L18.GTGCGGTAGTACGTTC-1,3,3,6,6,9,36,2,4,14,4,3,3,5,3,3,15,4,11,4,3,4,10,3,0,2,7,0,3,0,0
L18.GTGCGGTAGATCCTGT-1,2,2,6,5,5,13,7,6,5,4,2,8,3,2,2,8,6,18,2,2,5,-1,-1,-1,5,8,16,4,2,4
L18.GTGAAGGGTTCACCTC-1,2,7,0,5,8,0,-1,-1,-1,4,7,20,13,6,0,15,5,35,12,5,0,0,7,0,-1,-1,-1,8,0,0
L18.GTGAAGGGTGTCTGAT-1,11,6,11,5,5,68,23,20,17,4,18,0,-1,-1,-1,2,12,59,15,12,0,4,0,67,52,37,0,3,0,0
L18.GTCTCGTTCTGATACG-1,-1,-1,-1,11,12,7,22,21,12,13,14,29,-1,-1,-1,2,14,6,16,13,8,-1,-1,-1,-1,-1,-1,14,0,9
L18.GTCGTAATCCGCGCAA-1,2,7,16,5,8,12,-1,-1,-1,4,7,0,13,6,6,15,5,0,2,5,16,9,7,6,7,23,0,5,0,0
L18.GTCGGGTAGCGTCTAT-1,2,2,6,5,5,13,7,6,5,4,2,0,3,2,2,0,3,0,2,2,5,-1,-1,-1,4,8,0,4,2,4
L18.GTCAAGTCAGCTATTG-1,3,3,6,6,6,15,8,7,6,5,5,5,5,3,3,4,4,6,4,3,4,5,5,9,2,2,6,-1,-1,-1
L18.GTATCTTTCCTTGACC-1,2,2,21,5,5,13,7,6,5,4,2,17,3,2,2,-1,-1,-1,2,2,5,-1,-1,-1,45,8,0,4,2,4
L18.GTAGTCAGTTCAGCGC-1,2,2,0,8,5,13,7,6,5,4,2,15,-1,-1,-1,-1,-1,-1,2,2,5,-1,-1,-1,47,8,19,4,2,4
L18.GTAGGCCGTCTACCTC-1,2,2,6,5,5,13,7,6,5,4,2,16,3,2,2,18,3,0,2,2,5,-1,-1,-1,0,8,0,4,2,4
L18.GTACTTTGTTACCAGT-1,2,2,0,5,5,13,7,6,5,4,2,8,3,2,2,8,6,18,2,2,5,-1,-1,-1,-1,-1,-1,4,2,4
L18.GTACGTAAGTTGTCGT-1,3,3,6,6,9,36,2,4,14,2,3,14,5,3,3,15,4,11,4,3,4,10,3,68,-1,-1,-1,3,0,8
L18.GTAACTGTCGGATGTT-1,2,2,0,8,5,13,7,6,5,4,2,15,3,2,2,2,3,0,2,2,5,-1,-1,-1,47,8,19,4,2,4
L18.GTAACTGTCCACTGGG-1,3,3,6,6,9,36,2,4,14,4,3,3,5,3,3,15,4,11,4,3,4,10,3,2,2,7,0,3,0,0
L18.GTAACTGAGAGATGAG-1,2,2,12,8,5,13,7,6,5,17,2,15,3,2,2,0,3,0,2,2,5,-1,-1,-1,47,8,19,4,2,4
L18.GGTGCGTTCATCGGAT-1,2,2,0,5,5,13,7,6,5,4,2,0,3,2,2,19,3,6,2,2,5,-1,-1,-1,0,8,0,4,2,4
L18.GGTGCGTAGCAAATCA-1,2,2,2,2,2,7,2,2,2,2,2,2,2,2,2,2,2,6,2,2,2,-1,-1,-1,46,0,0,-1,-1,-1
L18.GGTGAAGAGAGTACCG-1,2,2,0,5,5,13,7,6,5,4,2,20,3,2,2,19,3,0,2,2,5,-1,-1,-1,45,8,0,4,2,4
L18.GGTATTGGTCGAGTTT-1,2,2,36,5,5,13,7,6,5,4,2,6,3,2,2,6,3,55,2,2,5,-1,-1,-1,-1,-1,-1,4,2,4
L18.GGGCATCTCCATTCTA-1,2,2,0,5,5,13,14,10,3,4,2,0,3,2,2,16,3,6,0,2,5,-1,-1,-1,2,8,0,4,2,4
L18.GGGCATCCATCAGTCA-1,2,2,0,5,5,13,7,6,5,4,2,30,3,2,2,2,3,0,2,2,5,-1,-1,-1,4,8,26,4,2,4
L18.GGGCATCAGGCGCTCT-1,2,2,0,5,5,13,7,6,5,4,2,8,3,2,2,8,6,18,2,2,5,-1,-1,-1,4,8,27,4,2,4
L18.GGGATGACATACTACG-1,2,2,8,5,5,13,7,6,5,4,2,16,3,2,2,18,3,0,2,2,5,-1,-1,-1,0,8,0,4,2,4
L18.GGGAGATCAACGATCT-1,2,2,37,2,2,7,0,2,2,2,2,2,10,2,2,2,2,0,2,2,2,-1,-1,-1,2,19,0,-1,-1,-1
L18.GGGACCTAGATCGATA-1,2,2,21,5,5,13,7,6,5,4,2,17,3,2,2,2,3,6,2,2,5,-1,-1,-1,45,8,0,4,2,4
L18.GGGAATGCAAGCGAGT-1,2,2,0,5,5,13,7,6,5,4,2,0,3,2,2,6,3,6,2,2,5,-1,-1,-1,-1,-1,-1,4,2,4
L18.GGCTCGACAGATGGGT-1,2,2,7,5,5,13,7,6,5,4,2,0,3,2,2,-1,-1,-1,2,2,5,-1,-1,-1,45,8,0,4,2,4
L18.GGCGACTAGGCAATTA-1,2,2,0,5,5,13,7,6,5,4,2,0,3,2,2,2,3,0,2,2,5,-1,-1,-1,-1,-1,-1,4,2,4
L18.GGCCGATGTTACGACT-1,2,2,7,5,5,13,7,6,5,4,2,31,3,2,2,2,3,7,2,2,5,-1,-1,-1,45,8,0,4,2,4
L18.GGCAATTTCGTAGATC-1,12,10,0,11,13,0,2,13,0,9,11,32,2,10,0,6,5,6,5,6,10,4,12,0,-1,-1,-1,9,0,0
L18.GGCAATTTCGACGGAA-1,2,2,0,8,5,13,7,6,5,4,2,15,3,2,2,0,3,0,2,2,5,-1,-1,-1,47,8,19,4,2,4
L18.GGAGCAATCCTGTACC-1,12,10,0,11,13,0,0,13,0,9,11,0,2,10,0,15,5,0,5,6,10,4,12,0,0,11,0,9,0,0
L18.GGAGCAAAGAGCCTAG-1,2,2,2,2,2,34,2,2,2,2,2,2,2,2,2,2,2,0,2,2,2,2,2,0,53,36,28,-1,-1,-1
L18.GGACGTCTCGCGTTTC-1,3,3,6,6,6,15,8,7,6,5,5,5,5,3,3,4,4,6,4,3,4,5,5,9,2,2,0,3,0,21
L18.GGAATAATCCACGCAG-1,2,2,21,5,5,13,7,6,5,4,2,17,3,2,2,2,3,0,2,2,5,-1,-1,-1,45,8,0,4,2,4
L18.GGAATAACATTCCTGC-1,3,3,6,6,9,36,2,4,14,2,3,14,5,3,3,15,4,11,4,3,4,10,3,69,-1,-1,-1,3,0,8
L18.GGAATAACAGTTCCCT-1,2,2,38,5,5,13,7,6,5,4,2,0,3,2,2,2,3,0,2,2,5,-1,-1,-1,4,8,0,4,2,4
L18.GGAATAAAGGAGTACC-1,2,2,0,5,5,13,7,6,5,4,2,0,3,2,2,2,3,0,2,2,5,-1,-1,-1,5,8,29,4,2,4
L18.GGAACTTCATGGGAAC-1,3,3,6,6,9,36,2,4,14,17,3,3,5,3,3,15,4,11,4,3,4,10,3,58,2,7,0,3,0,0
L18.GCTTCCATCTGCAAGT-1,3,3,33,6,6,15,8,5,0,5,5,5,5,3,3,34,4,0,4,3,4,5,5,9,2,2,0,3,0,19
L18.GCTTCCATCGCAGGCT-1,3,3,6,6,9,36,2,4,14,0,3,14,5,3,3,15,4,11,4,3,4,10,3,0,-1,-1,-1,3,0,8
L18.GCTGGGTTCTCTAAGG-1,2,2,0,5,5,13,7,6,5,4,2,0,3,2,2,8,6,18,2,2,5,-1,-1,-1,3,8,0,4,2,4
L18.GCTGCTTTCAGCTGGC-1,2,2,2,2,2,0,4,2,2,2,2,2,20,2,2,2,2,12,2,2,2,-1,-1,-1,4,38,0,-1,-1,-1
L18.GCTGCAGGTTGTCGCG-1,-1,-1,-1,2,2,0,0,2,2,2,2,2,10,2,2,2,2,0,2,2,2,2,2,0,2,19,0,-1,-1,-1
L18.GCTGCAGCATGGAATA-1,2,2,0,5,5,13,7,6,5,4,2,0,3,2,2,0,3,69,2,2,5,-1,-1,-1,45,8,0,4,2,4
L18.GCTCTGTTCCTATTCA-1,2,2,0,5,5,13,7,6,5,4,2,0,3,2,2,21,8,25,2,2,5,-1,-1,-1,-1,-1,-1,4,2,4
L18.GCGGGTTTCCAAGCCG-1,2,2,0,5,5,13,2,10,3,4,2,0,3,2,2,16,3,0,0,2,5,-1,-1,-1,-1,-1,-1,4,2,4
L18.GCGGGTTGTCCGTCAG-1,10,2,17,5,14,64,24,19,3,-1,-1,-1,2,12,8,-1,-1,-1,-1,-1,-1,-1,-1,-1,4,33,7,11,0,12
L18.GCGGGTTCACACATGT-1,2,2,7,5,5,13,7,6,5,4,2,0,3,2,2,35,3,0,2,2,5,-1,-1,-1,45,8,6,4,2,4
L18.GCGCGATTCGTTGACA-1,2,2,0,5,5,13,7,6,5,4,2,0,3,2,2,2,3,15,2,2,5,-1,-1,-1,2,8,0,4,2,4
L18.GCGCGATCACGGCTAC-1,2,2,0,5,5,13,7,6,5,4,2,0,3,2,2,19,3,0,2,2,5,-1,-1,-1,45,8,0,4,2,4
L18.GCGCGATCACAAGTAA-1,2,2,8,5,5,13,7,6,5,4,2,0,3,2,2,2,3,11,2,2,5,-1,-1,-1,4,8,0,4,2,4
L18.GCGCCAATCGGTCCGA-1,2,2,16,5,5,13,7,6,5,4,2,8,3,2,2,8,6,18,2,2,5,-1,-1,-1,0,8,0,4,2,4
L18.GCGCCAAAGTGTGAAT-1,2,2,35,5,5,13,7,6,5,4,2,6,3,2,2,6,3,0,2,2,5,-1,-1,-1,-1,-1,-1,4,2,4
L18.GCGCAGTGTGGGTCAA-1,3,3,20,6,12,7,4,18,18,5,5,5,5,3,3,4,4,7,4,3,4,5,5,9,2,2,0,3,0,22
L18.GCGCAGTAGCCAGAAC-1,2,2,2,2,2,0,4,2,2,2,2,2,9,2,2,2,2,0,2,2,2,-1,-1,-1,54,8,0,-1,-1,-1
L18.GCGCAGTAGAAGGGTA-1,2,10,7,11,13,0,25,13,0,9,11,0,2,10,12,0,5,0,5,6,10,4,12,37,4,39,0,9,0,0
L18.GCGAGAAGTTGAACTC-1,2,6,11,16,16,47,19,11,3,15,15,3,10,8,0,22,10,0,10,7,0,4,16,0,2,40,30,12,0,9
L18.GCGACCAGTTGTACAC-1,2,2,0,5,5,13,7,6,5,4,2,0,3,2,2,-1,-1,-1,2,2,5,-1,-1,-1,-1,-1,-1,4,2,4
L18.GCCTCTAAGCAGACTG-1,3,3,39,6,6,15,8,7,6,5,5,5,5,3,3,4,4,6,4,3,4,5,5,9,2,2,0,3,0,0
L18.GCCAAATTCCTTGACC-1,2,2,2,2,2,0,4,2,2,2,2,2,9,2,2,2,2,0,2,2,2,2,9,37,5,41,0,-1,-1,-1
L18.GCCAAATGTGACTCAT-1,2,2,0,5,5,13,7,6,5,4,2,0,3,2,2,2,3,70,2,2,5,-1,-1,-1,45,8,6,4,2,4
L18.GCATGTATCCTTGGTC-1,3,3,7,6,12,36,2,4,19,8,3,33,5,3,3,2,4,37,4,3,4,10,21,12,2,7,0,3,0,19
L18.GCATGTAAGACCGGAT-1,3,3,0,6,6,15,8,19,3,5,5,5,5,3,3,4,4,12,4,3,4,5,5,9,2,2,31,3,0,23
L18.GCATGCGCAGCCACCA-1,-1,-1,-1,8,5,13,7,6,5,4,2,15,3,2,2,20,3,6,2,2,5,-1,-1,-1,47,8,19,4,2,4
L18.GCATGCGCACTTCTGC-1,2,2,2,2,2,69,6,2,2,2,2,2,9,2,2,2,2,0,2,2,2,2,2,0,5,6,0,-1,-1,-1
L18.GCATGATAGATATGCA-1,2,2,2,2,2,0,4,2,2,2,2,2,9,2,2,2,2,51,2,2,2,-1,-1,-1,-1,-1,-1,-1,-1,-1
L18.GCATACACAATGAAAC-1,2,2,7,5,5,13,7,6,5,4,2,0,3,2,2,-1,-1,-1,2,2,5,-1,-1,-1,45,8,11,4,2,4
L18.GCAGTTACACAAGACG-1,2,2,2,2,2,6,26,2,2,2,2,2,-1,-1,-1,2,2,0,2,2,2,2,2,11,55,42,5,-1,-1,-1
L18.GCACTCTCAAGCGTAG-1,2,2,39,5,5,13,7,6,5,4,2,8,3,2,2,8,6,18,2,2,5,-1,-1,-1,0,8,6,4,2,4
L18.GCACATATCATAACCG-1,2,14,39,11,19,47,27,22,20,18,19,3,18,11,0,2,15,0,5,14,17,18,22,2,4,11,11,8,0,9
L18.GCACATAGTAAGCACG-1,9,6,11,-1,-1,-1,7,6,5,11,13,20,-1,-1,-1,6,12,59,-1,-1,-1,-1,-1,-1,2,6,32,8,0,24
L18.GCAATCACACAGTCGC-1,9,10,0,8,5,13,5,13,3,9,11,0,2,10,0,0,5,0,5,6,10,4,12,0,11,0,0,9,0,0
L18.GATTCAGGTAAGTGTA-1,2,2,0,5,5,13,7,6,5,4,2,8,3,2,2,8,6,18,2,2,5,-1,-1,-1,56,8,0,4,2,4
L18.GATTCAGCAACTGCTA-1,2,2,0,2,2,3,0,2,2,2,2,2,10,2,2,2,2,0,2,2,2,2,2,0,2,19,6,-1,-1,-1
L18.GATGCTAGTAGAAAGG-1,2,2,0,5,5,13,7,6,5,4,2,0,3,2,2,20,3,6,2,2,5,-1,-1,-1,45,8,0,4,2,4
L18.GATGCTACATTCTCAT-1,3,3,0,6,6,15,8,7,6,5,5,5,5,3,3,4,4,6,4,3,4,5,5,9,2,2,0,3,0,23
L18.GATGAGGGTCTGATTG-1,2,2,0,5,5,13,7,6,5,4,2,8,3,2,2,36,3,6,2,2,5,-1,-1,-1,57,8,20,4,2,4
L18.GATGAAACAAGGCTCC-1,2,2,0,5,5,13,7,6,5,4,2,0,3,2,2,6,3,11,2,2,5,-1,-1,-1,-1,-1,-1,4,2,4
L18.GATCGCGTCTGTCCGT-1,2,2,0,5,5,13,7,6,5,4,2,0,3,2,2,0,3,11,2,2,5,-1,-1,-1,45,8,0,4,2,4
L18.GATCGCGCAGGAATCG-1,3,3,6,6,6,15,8,7,6,5,5,5,5,3,3,4,4,6,4,3,4,5,5,9,2,2,0,3,0,25
L18.GAGTCCGGTCAAGCGA-1,2,2,2,2,2,7,6,2,2,2,2,2,9,2,2,2,2,0,2,2,2,-1,-1,-1,4,14,0,-1,-1,-1
L18.GAGGTGATCTGCAAGT-1,2,2,0,5,5,13,7,6,5,4,2,16,3,2,2,18,3,0,2,2,5,-1,-1,-1,4,8,0,4,2,4
L18.GAGGTGATCCAAATGC-1,2,2,0,5,5,13,7,6,5,4,2,34,3,2,2,0,3,71,2,2,5,19,3,0,45,8,7,4,2,4
L18.GAGGTGACAGTCTTCC-1,2,2,0,5,5,13,7,6,5,-1,-1,-1,3,2,2,4,3,0,2,2,5,-1,-1,-1,-1,-1,-1,4,2,4
L18.GAGCAGATCGCCATAA-1,2,2,0,5,5,13,7,6,5,4,2,18,3,2,2,15,3,0,2,2,5,-1,-1,-1,45,8,6,4,2,4
L18.GACTACACAAGTAGTA-1,2,2,21,5,5,13,7,6,5,4,2,17,3,2,2,0,3,72,2,2,5,-1,-1,-1,45,8,0,4,2,4
L18.GACTAACCACAGGAGT-1,13,15,0,-1,-1,-1,2,11,14,-1,-1,-1,21,2,2,15,16,12,-1,-1,-1,20,23,70,2,43,0,8,0,16
L18.GACTAACAGGTGTTAA-1,2,2,0,5,5,13,7,6,5,4,2,35,3,2,2,2,3,0,2,2,5,-1,-1,-1,0,8,0,4,2,4
L18.GACGTTAGTCGTGGCT-1,10,13,20,17,0,0,20,17,0,4,16,20,15,7,2,2,17,15,2,11,14,16,17,65,2,2,0,2,0,18
L18.GACGTGCTCTTGAGAC-1,2,2,2,2,2,0,4,2,2,2,2,2,9,2,2,2,2,6,2,2,2,2,9,37,0,44,0,-1,-1,-1
L18.GACGTGCGTTATGCGT-1,2,2,0,5,5,13,28,10,3,4,2,0,3,2,2,16,3,41,2,2,5,-1,-1,-1,2,8,0,4,2,4
L18.GACGCGTGTGTTGGGA-1,3,3,6,6,6,15,8,19,16,5,5,5,5,3,3,4,4,35,4,3,4,5,5,9,2,2,6,3,0,26
L18.GACCTGGTCTCGCATC-1,3,3,40,-1,-1,-1,2,4,21,4,3,3,5,3,3,-1,-1,-1,4,3,4,10,3,2,2,7,0,3,0,27
L18.GACCTGGGTGATGATA-1,3,3,6,6,9,36,2,4,14,-1,-1,-1,5,3,3,15,4,11,4,3,4,10,3,0,2,7,0,3,0,28
L18.GACCTGGCAAGTTCTG-1,3,3,0,6,6,15,8,7,6,5,5,5,5,3,3,4,4,6,4,3,4,5,5,9,2,7,4,3,0,0
L18.GACCAATGTCGATTGT-1,14,10,0,-1,-1,-1,2,13,3,9,11,0,2,10,0,2,5,0,5,6,10,4,12,0,9,10,0,9,0,0
L18.GACACGCTCGCCAAAT-1,3,3,6,-1,-1,-1,2,4,4,3,3,3,5,3,3,2,4,0,4,3,4,5,5,9,2,7,4,3,0,0
L18.GACACGCCAGCCAGAA-1,2,2,0,5,5,13,7,6,5,4,2,0,3,2,2,11,3,0,2,2,5,-1,-1,-1,10,8,0,4,2,4
L18.GACACGCCAAGGTTCT-1,2,7,0,12,8,0,-1,-1,-1,4,7,0,13,6,2,15,5,0,2,5,12,9,7,0,2,8,33,15,0,29
L18.GAATGAAAGGAGCGAG-1,3,3,6,6,9,36,2,4,14,19,3,3,5,3,3,15,4,11,4,3,4,10,3,2,2,7,0,3,0,0
L18.GAATAAGAGGCTAGGT-1,3,3,0,6,9,36,2,4,14,7,9,19,5,3,3,15,4,11,4,3,4,10,3,0,2,7,7,3,0,12
L18.GAAGCAGTCAACACGT-1,3,3,6,6,9,36,2,4,14,0,3,0,5,3,3,15,4,11,4,3,4,10,3,0,2,7,16,3,0,0
L18.GAACGGAAGCTCAACT-1,2,2,8,20,5,13,7,6,5,4,2,0,3,2,2,2,3,11,2,2,5,-1,-1,-1,4,8,0,4,2,4
L18.GAACATCGTCGAATCT-1,2,2,0,5,5,13,7,6,5,4,2,36,3,2,2,6,3,0,2,2,5,-1,-1,-1,-1,-1,-1,4,2,4
L18.GAACATCAGTGGACGT-1,2,2,2,2,2,70,4,2,2,2,2,2,9,2,2,2,2,51,2,2,2,2,2,61,4,8,0,-1,-1,-1
L18.GAAATGATCGCCAGCA-1,2,2,6,5,5,13,7,6,5,4,2,2,3,2,2,2,3,73,2,2,5,-1,-1,-1,4,8,0,4,2,4
L18.GAAATGATCAACGGCC-1,2,2,41,5,5,13,17,14,3,4,2,0,3,2,2,16,3,0,12,2,5,-1,-1,-1,2,8,0,4,2,4
L18.CTTTGCGGTACATGTC-1,2,2,35,5,5,13,7,6,5,4,2,8,3,2,2,8,6,18,2,2,5,-1,-1,-1,10,8,2,4,2,4
L18.CTTGGCTTCATCACCC-1,2,6,11,-1,-1,-1,29,9,10,-1,-1,-1,2,5,2,4,7,24,14,4,0,2,7,2,20,7,11,3,0,0
L18.CTTGGCTCATGGAATA-1,2,2,0,5,5,13,7,6,5,4,2,18,3,2,2,2,3,0,2,2,5,-1,-1,-1,45,8,6,4,2,4
L18.CTTAGGACAAAGGTGC-1,15,14,6,5,13,14,30,23,22,20,18,9,17,8,2,20,5,6,14,15,3,21,21,0,4,45,0,8,0,0
L18.CTTAACTGTTATGCGT-1,2,2,0,5,5,13,7,6,5,4,2,0,3,2,2,2,3,39,2,2,5,-1,-1,-1,4,8,0,4,2,4
L18.CTTAACTCAGTGAGTG-1,2,2,0,5,5,13,7,6,5,4,2,8,3,2,2,8,6,18,2,2,5,-1,-1,-1,2,8,6,4,2,4
L18.CTTAACTCAAATCCGT-1,2,2,0,5,5,13,7,6,5,4,2,16,3,2,2,18,3,0,2,2,5,-1,-1,-1,0,8,0,4,2,4
L18.CTTAACTAGATAGCAT-1,5,8,18,10,14,64,2,7,6,2,8,0,15,7,13,2,5,11,-1,-1,-1,22,0,6,-1,-1,-1,16,0,9
L18.CTGTTTAAGATGTCGG-1,2,2,0,5,5,13,7,6,5,4,2,12,3,2,2,19,3,6,2,2,5,-1,-1,-1,2,8,0,4,2,4
L18.CTGTGCTTCCGTCATC-1,2,2,17,5,5,13,7,6,5,4,2,18,3,2,2,15,3,0,2,2,5,-1,-1,-1,2,8,0,4,2,4
L18.CTGCTGTCACAACTGT-1,2,2,0,5,5,13,7,6,5,4,2,37,3,2,2,0,3,6,2,2,5,-1,-1,-1,58,8,34,4,2,4
L18.CTGCGGATCACATACG-1,2,2,0,5,5,13,7,6,5,4,2,37,3,2,2,0,3,74,2,2,5,-1,-1,-1,45,8,6,4,2,4
L18.CTGCCTAAGAAGGGTA-1,2,2,42,5,5,13,7,6,5,4,2,8,3,2,2,8,6,18,2,2,5,-1,-1,-1,4,8,0,4,2,4
L18.CTCTGGTTCCGTCAAA-1,-1,-1,-1,5,5,13,7,6,5,4,2,16,3,2,2,18,3,0,2,2,5,-1,-1,-1,40,8,0,4,2,4
L18.CTCTGGTCACCTGGTG-1,2,2,0,5,5,13,14,10,0,4,2,0,3,2,2,16,3,0,2,2,5,-1,-1,-1,2,8,0,4,2,4
L18.CTCTACGTCGGCGGTT-1,3,3,6,6,9,36,2,4,14,4,3,14,5,3,3,15,4,11,4,3,4,10,3,71,-1,-1,-1,3,0,8
L18.CTCTAATTCTTGTATC-1,-1,-1,-1,9,13,61,2,11,14,4,3,0,0,11,2,17,17,8,17,6,15,4,24,72,0,6,0,8,0,10
L18.CTCGTCAAGGCCCTTG-1,2,2,6,5,5,13,7,6,5,4,2,8,3,2,2,8,6,18,2,2,5,-1,-1,-1,10,8,0,4,2,4
L18.CTCGTACCATCCCACT-1,2,2,2,2,2,0,2,2,2,2,2,2,0,2,2,2,2,0,2,2,2,2,2,73,4,46,0,-1,-1,-1
L18.CTCGGGAAGGCTAGCA-1,3,3,6,6,9,36,2,4,14,2,3,14,5,3,3,15,4,11,4,3,4,10,3,21,-1,-1,-1,3,4,8
L18.CTCGGAGCACCATCCT-1,16,2,0,5,5,13,7,6,5,4,2,15,3,2,2,8,6,18,2,2,5,-1,-1,-1,10,8,19,4,2,4
L18.CTCGAGGAGCTATGCT-1,10,13,20,17,0,8,-1,-1,-1,4,16,20,15,7,2,-1,-1,-1,2,11,14,16,17,65,2,2,0,2,0,18
L18.CTCCTAGCATAGGATA-1,2,6,11,-1,-1,-1,5,9,10,-1,-1,-1,17,5,14,4,7,24,2,4,0,2,7,36,20,7,11,3,0,0
L18.CTCATTAAGGTACTCT-1,3,3,0,6,6,15,8,7,6,5,5,5,5,3,3,4,4,6,4,3,4,5,5,9,2,2,16,3,0,0
L18.CTCACACCAGCCTTTC-1,2,2,39,5,5,13,7,6,5,4,2,8,3,2,2,8,6,18,2,2,5,-1,-1,-1,0,8,0,4,2,4
L18.CTAGCCTCAGCGTAAG-1,2,2,0,8,5,13,7,6,5,4,2,15,3,2,2,19,3,0,2,2,5,-1,-1,-1,47,8,19,4,2,4
L18.CTAGAGTAGTCGTACT-1,2,2,43,5,5,13,7,6,5,4,2,38,3,2,2,2,3,0,2,2,5,-1,-1,-1,4,8,0,4,2,4
L18.CTACGTCCAGCCACCA-1,2,2,0,5,5,13,7,6,5,4,2,16,3,2,2,18,3,0,2,2,5,-1,-1,-1,40,8,35,4,2,4
L18.CTACATTGTGAACCTT-1,3,3,6,-1,-1,-1,2,4,4,3,3,3,5,3,3,2,4,0,4,3,4,-1,-1,-1,2,7,4,3,0,16
L18.CTAATGGGTCTAAAGA-1,2,2,2,2,2,6,4,2,2,2,2,2,9,2,2,2,2,57,2,2,2,-1,-1,-1,-1,-1,-1,-1,-1,-1
L18.CTAAGACTCAGCCTAA-1,2,2,2,2,2,71,4,2,2,2,2,2,22,2,2,2,2,0,2,2,2,2,2,0,4,36,0,-1,-1,-1
L18.CTAAGACGTCCTGCTT-1,2,2,0,5,5,13,7,6,5,4,2,0,3,2,2,0,3,15,2,2,5,-1,-1,-1,45,8,24,4,2,4
L18.CTAACTTTCCTCCTAG-1,3,3,6,-1,-1,-1,2,4,4,3,3,3,5,3,3,37,18,0,4,3,4,-1,-1,-1,2,7,4,3,0,0
L18.CGTTCTGGTCAAAGAT-1,3,3,6,-1,-1,-1,2,4,4,3,3,3,5,3,3,0,4,0,4,3,4,-1,-1,-1,2,7,4,3,0,0
L18.CGTTAGACATTAGCCA-1,2,2,2,2,2,3,4,2,2,2,2,2,9,2,2,2,2,0,2,2,2,-1,-1,-1,20,8,0,-1,-1,-1
L18.CGTGTCTGTCCGAAGA-1,2,2,0,5,5,13,7,6,5,4,2,0,3,2,2,6,3,75,2,2,5,-1,-1,-1,-1,-1,-1,4,2,4
L18.CGTGAGCTCGCACTCT-1,2,2,0,5,5,13,7,6,5,21,2,35,3,2,2,-1,-1,-1,2,2,5,-1,-1,-1,4,8,0,4,2,4
L18.CGTGAGCGTCACCTAA-1,2,2,6,5,5,13,7,6,5,4,2,0,3,2,2,15,3,0,2,2,5,-1,-1,-1,4,8,0,4,2,4
L18.CGTCCATTCTTCGGTC-1,2,2,43,2,2,57,0,2,2,2,2,2,10,2,2,2,2,55,2,2,2,2,2,0,2,19,0,-1,-1,-1
L18.CGTCCATCATTACGAC-1,2,2,21,5,5,13,7,6,5,22,2,17,3,2,2,2,3,0,2,2,5,-1,-1,-1,45,8,0,4,2,4
L18.CGTCACTTCTCCAACC-1,2,2,37,5,5,13,7,6,5,4,2,0,3,2,2,19,3,28,2,2,5,-1,-1,-1,0,8,0,4,2,4
L18.CGTCACTTCGTAGATC-1,2,2,0,5,5,13,7,6,5,4,2,0,3,2,2,11,3,0,2,2,5,-1,-1,-1,45,8,0,4,2,4
L18.CGTCACTCACGTTGGC-1,2,2,0,5,5,13,7,6,5,4,2,37,3,2,2,2,3,0,2,2,5,-1,-1,-1,45,8,6,4,2,4
L18.CGGTTAATCTACTCAT-1,2,2,0,5,5,13,14,10,0,4,2,0,3,2,2,16,3,28,0,2,5,-1,-1,-1,2,8,0,4,2,4
L18.CGGCTAGAGTTGAGTA-1,2,2,21,5,5,13,7,6,5,-1,-1,-1,3,2,2,0,3,0,2,2,5,-1,-1,-1,45,8,0,4,2,4
L18.CGGAGTCTCATGCAAC-1,2,2,7,5,5,13,7,6,5,4,2,20,3,2,2,2,3,29,2,2,5,-1,-1,-1,45,8,6,4,2,4
L18.CGGAGTCGTTAAGTAG-1,-1,-1,-1,-1,-1,-1,21,11,19,16,3,27,4,14,2,17,19,8,14,16,15,4,19,21,-1,-1,-1,13,0,10
L18.CGGAGTCAGAGGTTGC-1,10,13,20,17,0,51,20,17,23,4,16,20,15,7,2,2,20,76,2,11,14,16,17,65,2,2,0,2,0,18
L18.CGGACTGAGTGTGGCA-1,2,2,2,2,2,0,2,2,2,2,2,2,2,2,2,2,2,0,2,2,2,2,2,0,46,11,0,-1,-1,-1
L18.CGGACGTGTCCGTTAA-1,2,2,0,5,5,13,7,6,5,4,2,0,3,2,2,6,3,7,2,2,5,-1,-1,-1,45,8,24,4,2,4
L18.CGGACACGTCTCCCTA-1,2,2,0,5,5,13,7,6,5,4,2,8,3,2,2,8,6,18,2,2,5,-1,-1,-1,7,8,36,4,2,4
L18.CGGACACGTACGACCC-1,3,3,44,6,6,15,8,7,6,5,5,5,5,3,3,4,4,6,4,3,4,5,5,9,2,2,0,3,0,0
L18.CGCTGGAAGCAGCCTC-1,2,2,0,5,5,13,7,6,5,4,2,8,3,2,2,8,6,18,2,2,5,-1,-1,-1,4,8,2,4,2,4
L18.CGCTATCTCGATGAGG-1,12,10,0,11,13,0,0,13,3,9,11,0,2,10,0,18,5,6,5,6,10,4,12,0,-1,-1,-1,9,0,0
L18.CGCTATCTCAACACCA-1,2,2,0,5,5,13,7,6,5,2,2,8,3,2,2,8,6,18,2,2,5,-1,-1,-1,2,8,0,4,2,4
L18.CGCGGTAGTACGAAAT-1,2,2,45,5,5,13,7,6,5,4,2,0,3,2,2,2,3,0,2,2,5,-1,-1,-1,45,8,0,4,2,4
L18.CGCCAAGGTCGAACAG-1,2,2,46,-1,-1,-1,31,10,0,4,2,0,3,2,2,16,3,14,-1,-1,-1,-1,-1,-1,2,8,0,4,2,4
L18.CGATTGATCCCATTAT-1,2,2,47,5,5,13,7,6,5,4,2,8,3,2,2,0,3,0,2,2,5,-1,-1,-1,45,8,24,4,2,4
L18.CGATTGAAGTAGGTGC-1,2,2,0,5,5,13,7,6,5,4,2,8,3,2,2,8,6,18,2,2,5,-1,-1,-1,2,8,0,4,2,4
L18.CGATGTATCATTGCGA-1,2,2,2,2,2,34,6,2,2,2,2,2,2,2,2,2,2,0,2,2,2,2,2,0,0,18,0,-1,-1,-1
L18.CGATGTATCATCGATG-1,2,2,6,5,5,13,7,6,5,4,2,3,3,2,2,2,3,0,2,2,5,-1,-1,-1,4,8,0,4,2,4
L18.CGATGTAAGCACACAG-1,2,2,0,5,5,13,7,6,5,4,2,0,3,2,2,2,3,55,2,2,5,-1,-1,-1,4,8,0,4,2,4
L18.CGATGGCGTCAGGACA-1,2,2,6,5,5,13,7,6,5,4,2,8,3,2,2,8,6,18,2,2,5,-1,-1,-1,2,8,0,4,2,4
L18.CGATGGCCAGGCTGAA-1,2,2,23,5,5,13,7,6,5,4,2,3,3,2,2,2,3,0,2,2,5,-1,-1,-1,4,8,37,4,2,4
L18.CGAGCCACACATTCGA-1,3,3,6,-1,-1,-1,2,4,4,3,3,3,5,3,3,19,4,6,4,3,4,-1,-1,-1,2,7,4,3,0,0
L18.CGAGCACTCCTTCAAT-1,2,2,48,5,5,13,7,6,5,4,2,0,3,2,2,20,3,0,2,2,5,-1,-1,-1,45,8,0,4,2,4
L18.CGAGCACTCAGCATGT-1,3,3,20,6,20,0,2,18,0,5,5,5,5,3,3,4,4,0,4,3,4,5,5,9,2,2,0,3,0,9
L18.CGAGCACGTTAAGGGC-1,2,2,6,5,5,13,7,6,5,4,2,0,3,2,2,2,3,0,2,2,5,-1,-1,-1,59,4,3,4,2,4
L18.CGACTTCGTCCGAATT-1,2,2,0,5,5,13,7,6,5,4,2,8,3,2,2,8,6,18,2,2,5,-1,-1,-1,11,8,0,4,2,4
L18.CGACCTTTCTCACATT-1,10,13,20,17,0,14,20,17,4,4,16,20,15,7,2,2,17,6,2,11,14,16,17,65,2,2,0,2,0,18
L18.CGACCTTCACGAAGCA-1,2,2,0,5,5,13,7,6,5,4,2,0,3,2,2,4,3,0,2,2,5,-1,-1,-1,45,8,0,4,2,4
L18.CGAATGTAGTCCAGGA-1,2,2,0,5,5,13,7,6,5,4,2,37,3,2,2,-1,-1,-1,2,2,5,-1,-1,-1,45,8,6,4,2,4
L18.CGAACATGTAAACGCG-1,2,2,0,5,5,13,7,6,5,4,2,0,3,2,2,2,3,77,2,2,5,-1,-1,-1,-1,-1,-1,4,2,4
L18.CCTTCCCGTAAACCTC-1,2,2,2,2,2,0,6,2,2,2,2,2,9,2,2,2,2,0,2,2,2,2,2,12,2,0,38,-1,-1,-1
L18.CCTTCCCAGCGATTCT-1,2,2,6,5,5,13,7,6,5,4,2,0,3,2,2,0,3,0,2,2,5,-1,-1,-1,2,8,0,4,2,4
L18.CCTTCCCAGCCGCCTA-1,2,2,0,5,5,13,7,6,5,4,2,39,3,2,2,2,3,0,2,2,5,-1,-1,-1,45,8,0,4,2,4
L18.CCTTACGAGACAGGCT-1,2,2,0,5,5,13,7,6,5,4,2,0,3,2,2,19,3,0,2,2,5,-1,-1,-1,0,8,0,4,2,4
L18.CCTCAGTGTCTTCGTC-1,2,2,0,5,5,13,7,6,5,4,2,0,3,2,2,2,3,29,2,2,5,-1,-1,-1,-1,-1,-1,4,2,4
L18.CCTATTAAGTACATGA-1,2,2,2,-1,-1,-1,2,2,2,2,2,2,9,2,2,2,2,0,2,2,2,2,2,0,-1,-1,-1,-1,-1,-1
L18.CCTACCAGTCCAAGTT-1,2,2,0,5,5,13,7,6,5,4,2,37,3,2,2,2,3,0,2,2,5,-1,-1,-1,45,8,0,4,2,4
L18.CCTACCAAGTGCCAGA-1,2,2,0,-1,-1,-1,0,2,2,2,2,2,10,2,2,2,2,61,2,2,2,2,2,2,2,19,20,-1,-1,-1
L18.CCTACACTCCCAACGG-1,13,16,20,12,14,64,24,24,24,11,12,0,23,2,15,15,12,59,14,15,3,20,17,65,10,47,39,4,2,4
L18.CCTAAAGGTGATGATA-1,2,2,2,2,2,0,6,2,2,2,2,2,9,2,2,2,2,6,2,2,2,2,9,37,13,24,0,-1,-1,-1
L18.CCGTACTGTAAAGGAG-1,3,3,6,6,9,36,2,4,14,4,3,0,5,3,3,15,4,11,4,3,4,-1,-1,-1,2,7,20,3,0,0
L18.CCGTACTCATTGCGGC-1,2,2,0,5,5,13,14,10,0,4,2,0,3,2,2,16,3,15,2,2,5,-1,-1,-1,2,8,0,4,2,4
L18.CCGGTAGCAGACGCCT-1,2,2,0,5,5,13,7,6,5,4,2,18,3,2,2,2,3,15,2,2,5,-1,-1,-1,45,8,6,4,2,4
L18.CCGGGATGTTGTGGAG-1,17,10,49,21,0,47,32,25,8,4,20,40,-1,-1,-1,26,13,12,-1,-1,-1,9,14,8,4,47,39,3,0,16
L18.CCCTCCTGTCTCTCGT-1,2,2,21,5,5,13,7,6,5,4,2,17,3,2,2,0,3,0,2,2,5,-1,-1,-1,45,8,0,4,2,4
L18.CCCATACTCCACGAAT-1,2,2,50,5,5,13,7,6,5,4,2,8,3,2,2,8,6,18,2,2,5,-1,-1,-1,4,8,0,4,2,4
L18.CCCAGTTGTCAACTGT-1,10,13,20,17,0,0,20,17,0,4,16,20,15,7,2,-1,-1,-1,2,11,14,16,17,65,2,2,0,2,0,18
L18.CCCAGTTCATCATCCC-1,2,2,27,5,5,13,7,6,5,4,2,0,3,2,2,4,3,0,2,2,5,-1,-1,-1,0,8,0,4,2,4
L18.CCCAGTTAGTGCGATG-1,2,2,0,5,5,13,7,6,5,4,2,6,3,2,2,6,3,42,2,2,5,-1,-1,-1,-1,-1,-1,4,2,4
L18.CCCAGTTAGCCTTGAT-1,2,2,51,5,5,13,7,6,5,4,2,0,3,2,2,23,3,15,2,2,5,-1,-1,-1,45,8,0,4,2,4
L18.CCCAATCTCCACTGGG-1,11,10,0,11,13,0,2,13,0,9,11,0,2,10,0,2,5,55,5,6,10,4,12,2,2,6,0,9,0,23
L18.CCCAATCTCAGGCAAG-1,3,3,6,6,9,36,2,4,14,4,3,3,5,3,3,15,4,11,4,3,4,10,3,74,2,7,40,3,0,0
L18.CCAGCGATCGGCTACG-1,3,3,52,6,9,36,2,4,14,7,9,19,5,3,3,15,4,11,4,3,4,10,3,6,2,7,0,3,0,30
L18.CCAGCGATCAGGCCCA-1,2,7,35,5,8,14,-1,-1,-1,4,7,41,-1,-1,-1,15,5,15,-1,-1,-1,-1,-1,-1,4,23,6,0,0,9
L18.CCACGGAAGGGTTTCT-1,3,3,6,6,9,36,2,4,14,2,3,14,5,3,3,15,4,11,4,3,4,10,3,2,-1,-1,-1,3,0,8
L18.CCACCTAAGTGTCCCG-1,5,6,11,22,21,72,2,5,4,23,3,3,10,12,8,8,6,18,3,17,18,-1,-1,-1,5,6,5,8,0,30
L18.CCAATCCCATGCCTAA-1,2,2,53,5,5,13,7,6,5,4,2,3,3,2,2,2,3,0,2,2,5,-1,-1,-1,45,8,0,4,2,4
L18.CCAATCCAGTGTTAGA-1,2,2,54,2,2,60,0,2,2,2,2,2,10,2,2,2,2,0,2,2,2,2,2,0,2,19,2,-1,-1,-1
L18.CATTATCTCATTCACT-1,2,2,0,5,5,13,7,6,5,17,2,8,3,2,2,8,6,18,2,2,5,-1,-1,-1,-1,-1,-1,4,2,4
L18.CATTATCTCATGCTCC-1,4,2,0,5,5,13,7,6,5,4,2,0,3,2,2,25,3,0,2,2,5,-1,-1,-1,7,8,0,4,2,4
L18.CATGACAAGTGTTTGC-1,2,2,0,2,2,25,0,2,2,2,2,2,10,2,2,2,2,26,2,2,2,2,2,0,2,19,0,-1,-1,-1
L18.CATCCACTCCGCTGTT-1,-1,-1,-1,5,5,13,7,6,5,4,2,0,3,2,2,2,3,7,2,2,5,-1,-1,-1,45,8,0,4,2,4
L18.CATCCACGTTAGTGGG-1,2,2,0,5,5,13,7,6,5,4,2,16,3,2,2,18,3,11,2,2,5,-1,-1,-1,4,8,0,4,2,4
L18.CATCAGATCGTCACGG-1,-1,-1,-1,5,5,13,7,6,5,4,2,42,3,2,2,30,3,6,-1,-1,-1,-1,-1,-1,45,8,0,4,2,4
L18.CATCAGAGTGTTGGGA-1,-1,-1,-1,9,17,61,21,11,0,16,3,27,4,14,2,17,5,8,14,6,15,4,19,2,5,29,0,13,0,10
L18.CATCAGACATTTCACT-1,3,3,6,6,9,36,2,4,14,19,3,14,5,3,3,15,4,11,4,3,4,10,3,0,-1,-1,-1,3,0,8
L18.CATCAGACAGTTTACG-1,2,7,16,-1,-1,-1,-1,-1,-1,4,7,6,13,6,6,15,5,0,2,5,3,9,7,6,7,23,27,5,0,0
L18.CATATGGAGCATCATC-1,2,2,0,5,5,13,7,6,5,4,2,6,3,2,2,6,3,47,2,2,5,-1,-1,-1,-1,-1,-1,4,2,4
L18.CAGTCCTGTCCATCCT-1,2,2,17,5,5,13,7,6,5,4,2,37,3,2,2,38,3,0,2,2,5,-1,-1,-1,45,8,6,4,2,4
L18.CAGCTGGCAAGTTGTC-1,18,17,55,-1,-1,-1,33,26,0,24,21,2,18,11,0,2,4,78,5,18,19,9,3,38,4,0,0,8,0,0
L18.CAGCTAACATCCCATC-1,2,2,56,5,5,13,7,6,5,4,2,43,3,2,2,6,3,0,2,2,5,-1,-1,-1,-1,-1,-1,4,2,4
L18.CAGCCGAGTTCAGGCC-1,-1,-1,-1,8,5,13,7,6,5,4,2,15,3,2,2,2,3,0,2,2,5,-1,-1,-1,47,8,19,4,2,4
L18.CAGCAGCAGGCGCTCT-1,2,2,2,2,2,0,2,2,2,2,2,2,2,2,2,-1,-1,-1,2,2,2,2,2,36,2,0,0,-1,-1,-1
L18.CAGATCAGTCAGATAA-1,2,2,34,5,5,13,7,6,5,4,2,20,3,2,2,2,3,0,2,2,5,-1,-1,-1,-1,-1,-1,4,2,4
L18.CAGATCAAGATCTGAA-1,-1,-1,-1,5,5,13,7,6,5,-1,-1,-1,3,2,2,2,3,0,2,2,5,-1,-1,-1,4,8,26,4,2,4
L18.CAGAGAGCATCACGAT-1,2,2,0,5,5,13,7,6,5,4,2,18,3,2,2,2,3,6,2,2,5,-1,-1,-1,45,8,6,4,2,4
L18.CAGAATCAGGCATGTG-1,19,4,6,23,13,9,30,23,25,20,22,44,17,8,2,2,14,6,0,15,3,21,21,75,-1,-1,-1,4,2,4
L18.CACTCCAGTTACTGAC-1,2,2,0,2,2,60,0,2,2,2,2,2,10,2,2,2,2,14,2,2,2,-1,-1,-1,2,19,41,-1,-1,-1
L18.CACCAGGGTGAAAGAG-1,2,2,7,5,5,13,7,6,5,2,2,2,3,2,2,2,3,15,2,2,5,-1,-1,-1,45,8,0,4,2,4
L18.CACCAGGCAGTTCCCT-1,3,3,20,6,6,15,8,7,6,5,5,5,5,3,3,4,4,35,4,3,4,5,5,9,2,2,0,3,0,31
L18.CACATAGTCGTACCGG-1,6,9,6,5,12,62,15,12,0,8,10,3,2,9,2,2,9,0,10,7,9,-1,-1,-1,4,11,0,8,0,0
L18.CACAGTAGTATAATGG-1,2,2,2,2,2,0,4,2,2,2,2,2,9,2,2,2,2,57,2,2,2,-1,-1,-1,4,48,0,-1,-1,-1
L18.CACAGGCTCAGGTAAA-1,12,10,0,11,13,0,2,13,26,9,11,0,2,10,0,0,5,6,5,6,10,4,12,0,-1,-1,-1,9,0,0
L18.CACACTCTCAAGATCC-1,3,3,6,-1,-1,-1,2,4,4,3,3,3,5,3,3,2,4,79,4,3,4,-1,-1,-1,2,7,4,3,0,0
L18.CACACTCGTCTAGAGG-1,2,2,57,8,5,13,7,6,5,4,2,15,3,2,2,2,3,0,2,2,5,-1,-1,-1,47,8,19,4,2,4
L18.CACACCTTCTTGTATC-1,2,2,0,5,5,13,7,6,5,4,2,0,3,2,2,0,3,0,2,2,5,-1,-1,-1,0,8,0,4,2,4
L18.CACACAATCTTGCATT-1,2,2,6,5,5,13,7,6,5,4,2,16,3,2,2,18,3,26,2,2,5,-1,-1,-1,2,8,0,4,2,4
L18.CACACAAAGGCAATTA-1,9,6,11,11,15,3,4,27,11,13,14,0,4,11,16,-1,-1,-1,14,19,0,18,25,76,5,49,24,8,0,12
L18.CACAAACTCAAGCCTA-1,2,2,2,2,2,0,2,2,2,2,2,2,24,2,2,-1,-1,-1,2,2,2,2,2,2,4,36,0,-1,-1,-1
L18.CACAAACGTGACTCAT-1,2,2,58,2,2,0,0,2,2,2,2,2,10,2,2,2,2,0,2,2,2,2,2,2,2,19,0,-1,-1,-1
L18.CACAAACCATGGTAGG-1,2,2,0,5,5,13,14,10,0,4,2,0,3,2,2,16,3,6,18,2,5,-1,-1,-1,2,8,0,4,2,4
L18.CACAAACCATGCGCAC-1,3,3,6,6,9,36,2,4,14,0,3,3,5,3,3,15,4,11,4,3,4,10,3,0,2,7,0,3,0,32
L18.CAAGTTGCACATTCGA-1,2,2,0,5,5,13,7,6,5,4,2,35,3,2,2,2,3,0,2,2,5,-1,-1,-1,27,8,0,4,2,4
L18.CAAGATCCAAGCGATG-1,2,10,0,-1,-1,-1,2,13,3,9,11,0,2,10,0,39,5,7,5,6,10,4,12,0,-1,-1,-1,9,0,20
L18.CAAGAAAAGCAACGGT-1,2,7,16,5,8,0,-1,-1,-1,4,7,28,13,6,6,-1,-1,-1,2,5,0,9,7,6,7,23,0,5,0,0
L18.CAACCTCAGTGTGAAT-1,2,7,6,24,8,0,-1,-1,-1,25,23,45,13,6,6,15,5,6,2,5,0,4,7,0,60,23,0,8,0,0
L18.CAACCAAGTATTCTCT-1,2,2,0,5,5,13,7,6,5,4,2,0,3,2,2,2,3,0,2,2,5,-1,-1,-1,0,8,0,4,2,4
L18.CAACCAAAGCCGTCGT-1,2,2,0,5,5,13,7,6,5,4,2,20,3,2,2,15,3,0,2,2,5,-1,-1,-1,61,8,0,4,2,4
L18.ATTGGTGGTCCTCCAT-1,2,2,0,5,5,13,7,6,5,4,2,0,3,2,2,25,3,0,2,2,5,-1,-1,-1,0,8,0,4,2,4
L18.ATTGGTGCAGAAGCAC-1,3,3,7,6,6,15,8,7,6,5,5,5,5,3,3,4,4,6,4,3,4,5,5,9,2,2,0,3,0,0
L18.ATTGGACTCATAGCAC-1,2,2,0,5,5,13,7,6,5,4,2,3,3,2,2,2,3,0,2,2,5,-1,-1,-1,-1,-1,-1,4,2,4
L18.ATTGGACGTCCGACGT-1,2,2,2,2,2,0,4,2,2,2,2,2,9,2,2,2,2,51,2,2,2,2,2,61,62,8,0,-1,-1,-1
L18.ATTGGACCATACTCTT-1,2,2,59,5,5,13,7,6,5,4,2,6,3,2,2,6,3,42,2,2,5,-1,-1,-1,-1,-1,-1,4,2,4
L18.ATTGGACAGTAGGCCA-1,2,2,0,5,5,13,0,10,0,4,2,46,3,2,2,16,3,0,2,2,5,-1,-1,-1,2,8,0,4,2,4
L18.ATTACTCGTAGGACAC-1,20,18,35,6,12,32,2,28,3,4,24,0,2,10,2,15,21,15,2,20,0,0,17,65,-1,-1,-1,6,0,9
L18.ATGCGATGTGGCCCTA-1,2,2,0,2,2,0,0,2,2,2,2,2,10,2,2,2,2,0,2,2,2,2,2,0,2,19,6,-1,-1,-1
L18.ATCTACTGTTGCTCCT-1,21,19,60,25,22,0,33,26,0,4,12,3,2,15,17,15,9,29,2,21,3,4,14,2,-1,-1,-1,2,0,33
L18.ATCGAGTTCTCGTTTA-1,2,2,25,2,2,0,0,2,2,2,2,2,-1,-1,-1,2,2,39,2,2,2,2,2,0,2,19,0,-1,-1,-1
L18.ATCCACCAGTGGGATC-1,-1,-1,-1,9,12,61,4,11,0,26,3,0,2,11,2,17,0,0,17,6,15,4,24,0,0,0,0,0,0,10
L18.ATCATGGCATTTGCTT-1,-1,-1,-1,6,6,15,8,19,4,5,5,5,5,3,3,4,4,0,4,3,4,5,5,9,2,2,0,3,0,9
L18.ATCATGGCAATCGGTT-1,3,3,20,6,6,15,8,7,6,5,5,5,5,3,3,4,4,6,4,3,4,-1,-1,-1,2,2,6,3,0,34
L18.ATCACGATCAACACAC-1,2,2,0,5,5,13,7,6,5,4,2,0,3,2,2,2,3,6,2,2,5,-1,-1,-1,45,8,0,4,2,4
L18.ATCACGAAGAGGGCTT-1,3,3,0,6,6,15,8,5,0,5,5,5,5,3,3,4,4,6,4,3,4,5,5,9,2,2,0,3,0,9
L18.ATAGACCTCGTAGGTT-1,2,2,28,8,5,13,7,6,5,4,2,15,3,2,2,0,3,0,2,2,5,-1,-1,-1,47,8,19,4,2,4
L18.ATAAGAGCACCACGTG-1,3,3,6,6,9,36,2,4,14,2,3,14,5,3,3,15,4,11,4,3,4,10,3,12,-1,-1,-1,3,0,8
L18.AGTGGGAGTTGGAGGT-1,2,2,7,5,5,13,7,6,5,4,2,47,3,2,2,-1,-1,-1,2,2,5,18,22,32,45,8,0,4,2,4
L18.AGTGGGACATGACATC-1,2,2,0,5,5,13,2,10,27,4,2,0,3,2,2,16,3,0,17,2,5,-1,-1,-1,2,8,0,4,2,4
L18.AGTGGGACAGTCGATT-1,2,2,0,5,5,13,7,6,5,4,2,6,3,2,2,16,3,0,2,2,5,-1,-1,-1,2,8,6,4,2,4
L18.AGTCTTTCATGAACCT-1,3,3,6,-1,-1,-1,2,4,4,3,3,3,5,3,3,2,4,41,4,3,4,-1,-1,-1,2,7,4,3,0,0
L18.AGGTCCGAGAGGTTAT-1,2,2,0,5,5,13,7,6,5,4,2,0,3,2,2,40,3,11,2,2,5,-1,-1,-1,-1,-1,-1,4,2,4
L18.AGGTCATGTTGGGACA-1,2,2,23,5,5,13,7,6,5,4,2,0,3,2,2,0,3,15,2,2,5,-1,-1,-1,45,8,0,4,2,4
L18.AGGTCATGTCATATCG-1,2,2,0,5,5,13,7,6,5,4,2,37,3,2,2,2,3,7,2,2,5,-1,-1,-1,45,8,6,4,2,4
L18.AGGTCATAGCTAAACA-1,2,2,20,5,5,13,7,6,5,4,2,0,3,2,2,2,3,0,2,2,5,-1,-1,-1,4,8,0,4,2,4
L18.AGGGATGTCTACTTAC-1,2,7,16,5,8,0,-1,-1,-1,4,7,0,13,6,6,15,5,0,2,5,0,9,7,6,7,23,42,5,0,35
L18.AGGGATGGTCGGGTCT-1,2,2,6,5,5,13,7,6,5,4,2,0,3,2,2,2,3,6,2,2,5,-1,-1,-1,4,8,0,4,2,4
L18.AGGGATGCATTACCTT-1,2,7,16,-1,-1,-1,-1,-1,-1,4,7,0,13,6,6,15,5,0,2,5,0,9,7,6,7,23,0,5,0,36
L18.AGGGAGTGTCGACTAT-1,3,3,6,6,9,36,2,4,14,4,3,0,5,3,3,15,4,11,4,3,4,-1,-1,-1,2,7,0,3,0,0
L18.AGGGAGTCAGGATCGA-1,-1,-1,-1,9,11,61,3,11,0,4,3,3,2,8,2,17,4,23,-1,-1,-1,4,10,77,2,25,0,14,0,10
L18.AGGGAGTCAAGCGCTC-1,13,4,0,5,12,9,2,2,14,-1,-1,-1,2,2,0,15,16,80,-1,-1,-1,20,7,2,-1,-1,-1,8,0,7
L18.AGGGAGTAGTGCGATG-1,2,7,16,5,8,73,-1,-1,-1,4,7,0,13,6,6,15,5,81,2,5,0,9,7,6,7,23,0,5,0,37
L18.AGGCCGTGTCACCCAG-1,2,7,0,5,8,0,-1,-1,-1,22,7,4,13,6,6,15,5,0,2,5,20,16,7,0,0,23,0,2,0,38
L18.AGGCCGTCAATCACAC-1,3,3,6,6,9,36,2,4,14,4,3,48,5,3,3,15,4,11,4,3,4,10,3,0,2,7,0,3,0,0
L18.AGGCCACAGTGTCCAT-1,0,10,61,-1,-1,-1,34,13,3,9,11,0,2,10,0,15,5,0,5,6,10,4,12,0,32,50,0,9,0,0
L18.AGCTTGAGTGAAGGCT-1,3,3,0,6,6,15,8,19,4,5,5,5,5,3,3,4,4,35,4,3,4,5,5,9,2,2,27,3,0,0
L18.AGCTCTCTCAAACCAC-1,10,13,20,17,0,74,20,17,25,4,16,20,15,7,2,-1,-1,-1,2,11,14,16,17,65,2,2,0,2,0,18
L18.AGCTCTCCAGTATCTG-1,2,2,2,2,2,0,4,2,2,2,2,2,9,2,2,2,2,0,2,2,2,-1,-1,-1,4,8,0,-1,-1,-1
L18.AGCTCCTAGCGTTGCC-1,22,20,20,26,23,4,3,7,6,-1,-1,-1,-1,-1,-1,41,22,17,10,7,3,23,26,36,-1,-1,-1,2,0,26
L18.AGCTCCTAGATCTGCT-1,2,2,6,2,2,60,0,2,2,2,2,2,10,2,2,2,2,6,2,2,2,-1,-1,-1,2,19,43,-1,-1,-1
L18.AGCGTCGAGTTGTAGA-1,10,13,20,17,0,7,20,17,0,4,16,20,15,7,2,-1,-1,-1,2,11,14,16,17,65,2,2,0,2,0,18
L18.AGCGTATTCGTTTGCC-1,2,2,20,5,5,13,7,6,5,4,2,0,3,2,2,20,3,0,2,2,5,-1,-1,-1,45,8,0,4,2,4
L18.AGCGTATTCCAAAGTC-1,2,2,2,2,2,0,4,2,2,2,2,2,9,2,2,2,2,51,2,2,2,2,2,0,-1,-1,-1,4,2,4
L18.AGCCTAAGTTTGACAC-1,3,3,6,6,9,36,2,4,14,27,3,0,5,3,3,15,4,11,4,3,4,10,3,0,2,7,0,3,0,0
L18.AGCATACCACATGTGT-1,2,2,6,5,5,13,0,10,23,4,2,3,3,2,2,16,3,0,2,2,5,-1,-1,-1,2,8,0,4,2,4
L18.AGCATACAGTAAGTAC-1,2,2,0,5,5,13,7,6,5,4,2,0,3,2,2,19,3,0,2,2,5,-1,-1,-1,-1,-1,-1,4,2,4
L18.AGCAGCCTCACCCTCA-1,2,2,2,2,2,25,4,2,2,2,2,2,9,2,2,2,2,51,2,2,2,2,2,0,-1,-1,-1,-1,-1,-1
L18.AGCAGCCCAGTATCTG-1,3,3,6,6,9,36,2,4,14,17,3,3,5,3,3,15,4,11,4,3,4,10,3,36,2,7,0,3,0,0
L18.AGCAGCCCACGAGAGT-1,10,2,7,-1,-1,-1,0,2,0,28,25,20,17,16,2,2,23,6,2,22,21,13,16,78,0,27,0,17,0,34
L18.AGAGTGGGTAAGAGGA-1,2,2,0,5,5,13,7,6,5,4,2,3,3,2,2,2,3,0,2,2,5,-1,-1,-1,5,8,0,4,2,4
L18.AGACGTTCATGGGAAC-1,3,3,6,6,9,36,2,4,14,17,3,0,5,3,3,15,4,11,4,3,4,-1,-1,-1,2,7,0,3,0,0
L18.AGACGTTAGTTACGGG-1,2,2,62,5,5,13,7,6,5,4,2,0,3,2,2,25,3,0,2,2,5,-1,-1,-1,7,8,0,4,2,4
L18.AGAATAGTCAGCTGGC-1,10,13,20,17,0,7,20,17,0,4,16,20,15,7,2,2,17,15,2,11,14,16,17,65,2,2,0,2,0,18
L18.AGAATAGGTGTATGGG-1,2,6,11,11,16,47,19,11,3,15,15,3,17,8,0,22,10,12,10,7,8,4,16,79,-1,-1,-1,12,0,9
L18.AGAATAGCATGGATGG-1,2,2,63,5,5,13,7,6,5,4,2,18,3,2,2,0,3,6,2,2,5,-1,-1,-1,45,8,6,4,2,4
L18.ACTTTCAGTTCGCGAC-1,2,2,7,20,5,13,7,6,5,4,2,0,3,2,2,2,3,0,2,2,5,-1,-1,-1,-1,-1,-1,4,2,4
L18.ACTTGTTGTTCGTTGA-1,2,2,0,5,5,13,7,6,5,4,2,49,3,2,2,2,3,15,2,2,5,-1,-1,-1,4,8,0,4,2,4
L18.ACTTGTTCAGCTGTTA-1,6,9,0,5,12,62,15,12,0,8,26,3,2,9,0,2,9,0,10,7,9,4,20,0,0,11,0,8,0,0
L18.ACTGTCCTCGGAAATA-1,2,2,7,5,5,13,7,6,5,4,2,20,3,2,2,-1,-1,-1,2,2,5,-1,-1,-1,45,8,0,4,2,4
L18.ACTGCTCCAGCCTATA-1,3,3,6,6,9,36,2,4,14,3,3,3,5,3,3,15,4,11,4,3,4,10,3,4,2,7,0,3,0,0
L18.ACTATCTAGCTCTCGG-1,2,6,11,11,16,47,19,11,3,15,15,3,2,8,2,22,10,0,10,7,3,4,16,79,2,8,0,12,0,9
L18.ACGGGCTTCTCCCTGA-1,2,2,8,5,5,13,7,6,5,4,2,50,3,2,2,2,3,11,2,2,5,-1,-1,-1,4,8,0,4,2,4
L18.ACGGAGATCCCTAATT-1,2,2,2,2,2,0,4,2,2,2,2,2,9,2,2,2,2,0,2,2,2,2,9,37,4,8,0,-1,-1,-1
L18.ACGCCGATCTAAGCCA-1,3,3,0,-1,-1,-1,2,4,28,2,3,3,5,3,3,6,4,0,4,3,4,10,3,0,2,7,0,3,0,38
L18.ACGCCGAGTCCGAGTC-1,9,10,0,-1,-1,-1,0,13,3,9,11,0,2,10,0,2,5,0,5,6,10,4,12,80,9,10,0,9,0,0
L18.ACGCCAGGTTAAAGTG-1,2,4,0,5,5,36,2,12,4,-1,-1,-1,17,9,0,2,4,0,2,23,9,24,20,0,-1,-1,-1,8,0,0
L18.ACGCCAGGTACCTACA-1,13,21,0,0,16,47,-1,-1,-1,-1,-1,-1,2,2,0,15,16,0,-1,-1,-1,20,17,65,-1,-1,-1,8,0,39
L18.ACGCCAGAGTGTACGG-1,20,18,35,5,12,75,2,28,19,29,27,51,2,10,2,42,24,6,2,24,17,-1,-1,-1,-1,-1,-1,6,0,9
L18.ACGATGTCACGACGAA-1,2,2,2,2,2,7,4,2,2,2,2,2,9,2,2,2,2,6,2,2,2,-1,-1,-1,0,5,0,-1,-1,-1
L18.ACGATACAGTGGAGTC-1,2,2,21,5,5,13,7,6,5,4,2,17,3,2,2,8,6,18,2,2,5,-1,-1,-1,45,8,0,4,2,4
L18.ACGAGCCTCTCGAGTA-1,2,2,64,5,5,13,7,6,5,4,2,0,3,2,2,2,3,61,2,2,5,-1,-1,-1,45,8,0,4,2,4
L18.ACGAGCCTCCTACAGA-1,23,22,0,3,3,62,-1,-1,-1,9,11,52,17,11,2,2,25,15,19,25,12,9,27,18,2,7,44,8,0,23
L18.ACCTTTAAGCTTCGCG-1,2,23,14,11,14,64,2,29,29,4,12,0,25,17,18,2,26,0,-1,-1,-1,4,21,0,-1,-1,-1,8,6,0
L18.ACCGTAAGTACCGGCT-1,3,3,0,6,6,15,8,7,6,5,5,5,5,3,3,4,4,6,4,3,4,5,5,9,2,2,0,3,0,40
L18.ACCCACTTCCTTGCCA-1,2,2,0,5,5,13,7,6,5,4,2,0,3,2,2,0,3,0,2,2,5,-1,-1,-1,2,8,0,4,2,4
L18.ACCCACTGTCATATGC-1,2,2,2,2,2,12,22,2,2,2,2,2,18,2,2,2,2,0,2,2,2,2,2,15,4,36,0,-1,-1,-1
L18.ACCCACTCAGATGGCA-1,3,3,6,6,6,15,8,19,16,5,5,5,5,3,3,4,4,35,4,3,4,5,5,9,2,2,6,3,0,41
L18.ACCAGTAGTGCACGAA-1,2,2,33,5,5,13,7,6,5,4,2,8,3,2,2,8,6,18,2,2,5,-1,-1,-1,4,8,0,4,2,4
L18.ACATCAGTCAAACCGT-1,2,7,16,-1,-1,-1,-1,-1,-1,4,7,53,13,6,6,15,5,0,2,5,0,9,7,6,7,23,7,5,0,0
L18.ACATCAGGTGCATCTA-1,2,2,2,2,2,76,22,2,2,2,2,2,26,2,2,2,2,0,2,2,2,2,2,0,0,36,0,-1,-1,-1
L18.ACATCAGAGAGATGAG-1,-1,-1,-1,5,5,13,7,6,5,4,2,8,3,2,2,8,6,18,2,2,5,-1,-1,-1,4,8,0,4,2,4
L18.ACATCAGAGACGCAAC-1,2,2,0,5,5,13,7,6,5,4,2,8,3,2,2,20,3,0,2,2,5,-1,-1,-1,4,8,0,4,2,4
L18.ACACTGACATGCGCAC-1,10,13,20,17,0,0,20,17,3,4,16,20,15,7,2,-1,-1,-1,2,11,14,16,17,65,2,2,0,2,0,18
L18.ACACCGGGTTGAACTC-1,2,10,0,-1,-1,-1,0,13,3,9,11,0,-1,-1,-1,15,5,0,5,6,10,4,12,0,9,10,0,9,0,0
L18.ACACCGGGTGCGCTTG-1,2,2,27,5,5,13,7,6,5,4,2,0,3,2,2,4,3,0,2,2,5,-1,-1,-1,-1,-1,-1,4,2,4
L18.ACACCCTGTTGTGGAG-1,2,2,0,5,5,13,7,6,5,4,2,0,3,2,2,2,3,82,2,2,5,-1,-1,-1,4,8,26,4,2,4
L18.ACACCAAAGAGGTTGC-1,2,2,0,5,5,13,14,10,19,4,2,0,3,2,2,16,3,6,18,2,5,-1,-1,-1,2,8,0,4,2,4
L18.AATCCAGCAGATAATG-1,2,2,25,5,5,13,7,6,5,4,2,16,3,2,2,18,3,6,2,2,5,-1,-1,-1,2,8,0,4,2,4
L18.AAGTCTGTCACGCATA-1,3,3,7,6,6,15,8,7,6,5,5,5,5,3,3,4,4,6,4,3,4,5,5,9,2,2,0,3,0,9
L18.AAGGTTCTCTCAAACG-1,2,2,0,5,5,13,7,6,5,4,2,0,3,2,2,0,3,37,2,2,5,-1,-1,-1,4,8,0,4,2,4
L18.AAGGTTCCACATCCAA-1,2,7,0,27,16,47,-1,-1,-1,20,7,20,13,6,0,15,5,83,2,5,22,16,7,0,63,51,0,8,0,42
L18.AAGGCAGTCGGACAAG-1,3,3,0,-1,-1,-1,2,4,3,4,3,3,5,3,3,15,4,6,4,3,4,10,14,12,2,7,0,3,0,43
L18.AAGGCAGAGATGTCGG-1,24,24,6,25,22,32,28,0,30,9,11,0,10,12,8,-1,-1,-1,20,26,10,4,28,8,-1,-1,-1,4,2,4
L18.AAGCCGCGTATATCCG-1,25,25,0,3,3,52,35,30,3,4,20,40,27,18,19,15,5,42,2,27,0,4,3,2,-1,-1,-1,18,0,0
L18.AAGCCGCAGTACGTTC-1,2,2,65,5,5,13,7,6,5,4,2,0,-1,-1,-1,19,3,0,2,2,5,-1,-1,-1,45,8,0,4,2,4
L18.AAGCCGCAGCCATCGC-1,-1,-1,-1,28,5,7,18,16,8,-1,-1,-1,15,7,2,20,9,35,13,10,3,15,14,2,2,23,0,19,0,42
L18.AACTTTCTCTCAAACG-1,2,7,0,5,8,0,-1,-1,-1,0,7,20,13,6,0,15,5,35,9,5,12,0,7,0,-1,-1,-1,0,0,0
L18.AACTTTCTCATGTCTT-1,2,2,66,5,5,13,7,6,5,4,2,8,3,2,2,8,6,18,2,2,5,-1,-1,-1,4,8,0,4,2,4
L18.AACTGGTTCCGGCACA-1,2,2,2,2,2,7,2,2,2,2,2,2,4,2,2,2,2,84,2,2,2,2,2,73,64,52,45,-1,-1,-1
L18.AACTGGTTCAGGATCT-1,2,7,16,5,8,12,-1,-1,-1,4,7,0,13,6,6,15,5,0,2,5,0,9,7,6,7,23,2,5,0,0
L18.AACTCCCCACGGACAA-1,2,2,0,2,2,47,0,2,2,2,2,2,10,2,2,2,2,0,2,2,2,2,2,12,2,19,0,-1,-1,-1
L18.AACCGCGTCATTGCCC-1,10,13,20,17,0,0,-1,-1,-1,4,16,20,15,7,2,-1,-1,-1,2,11,14,16,17,65,2,2,0,2,0,18
L18.AACCGCGTCACCTTAT-1,26,26,67,5,24,14,24,31,0,9,11,0,4,2,20,22,10,85,2,28,23,4,0,18,-1,-1,-1,2,0,19
L18.AACCGCGCACGCATCG-1,18,17,55,-1,-1,-1,33,26,0,24,21,0,18,11,0,2,4,78,-1,-1,-1,9,3,38,-1,-1,-1,8,0,0
L18.AACCGCGAGTACGCGA-1,2,2,0,5,5,13,7,6,5,4,2,0,3,2,2,0,3,0,2,2,5,-1,-1,-1,-1,-1,-1,4,2,4
L18.AACCATGGTGATGATA-1,2,2,0,2,2,17,0,2,2,2,2,2,5,2,2,2,2,6,2,2,2,2,2,0,4,6,0,-1,-1,-1
L18.AACCATGCACAGCCCA-1,-1,-1,-1,3,3,7,2,7,6,2,20,40,-1,-1,-1,-1,-1,-1,2,27,3,-1,-1,-1,-1,-1,-1,8,0,23
L18.AAATGCCTCAAGATCC-1,2,2,25,5,5,13,7,6,5,4,2,0,3,2,2,15,3,6,2,2,5,-1,-1,-1,65,8,0,4,2,4
L18.AAAGTAGTCGAATGGG-1,27,15,39,29,25,77,36,32,0,30,28,18,17,19,21,12,17,8,2,6,24,25,0,8,5,53,0,3,0,44
L18.AAAGTAGTCCGCATCT-1,2,2,65,5,5,13,7,6,5,4,2,8,3,2,2,0,3,0,2,2,5,-1,-1,-1,4,8,0,4,2,4
L18.AAACGGGCAAGAGTCG-1,3,3,6,-1,-1,-1,2,4,4,3,3,3,5,3,3,43,4,0,4,3,4,-1,-1,-1,2,7,4,3,0,0
L18.AAACCTGTCGGATGTT-1,2,8,18,5,14,64,2,7,6,2,8,0,15,7,2,2,5,0,-1,-1,-1,-1,-1,-1,0,6,46,2,0,9
