cell,node202,node152,non-subclonal
L30.TTTGGTTTCTGCGTAA-1,0,0,1
L30.TTTGCGCAGCAAATCA-1,0,3,0
L30.TTGCCGTAGAATGTGT-1,0,3,0
L30.TTGCCGTAGAAACGAG-1,0,3,0
L30.TTCTCCTAGAGACTTA-1,0,3,0
L30.TTCCCAGAGAGTCGGT-1,0,5,0
L30.TTAACTCTCCGGGTGT-1,0,0,2
L30.TTAACTCCAGCCTTGG-1,0,0,1
L30.TTAACTCAGGATGCGT-1,0,4,0
L30.TGGTTCCTCTCATTCA-1,1,0,0
L30.TGGCGCACACTCAGGC-1,0,3,0
L30.TGGCGCAAGTCTTGCA-1,0,1,0
L30.TGGCCAGAGCTGCAAG-1,0,5,0
L30.TGCCCTACACCAGGTC-1,2,0,0
L30.TGCCAAAGTGACTCAT-1,0,25,0
L30.TGAGGGATCTGTCTAT-1,0,20,0
L30.TGAGCATCATCCGCGA-1,0,0,2
L30.TGAAAGACACGAAATA-1,0,5,0
L30.TCTCTAATCCAATGGT-1,0,1,0
L30.TCTCTAAGTTCCAACA-1,0,0,1
L30.TCTCATACAAGCTGGA-1,0,3,0
L30.TCGTACCCAGGAACGT-1,0,1,0
L30.TCGGTAAGTGATGCCC-1,0,2,0
L30.TCGGTAAAGTTAGGTA-1,0,0,4
L30.TCGGTAAAGTGGTCCC-1,0,0,2
L30.TCGAGGCTCGCACTCT-1,0,1,0
L30.TCAGGATCAGACGCAA-1,0,1,0
L30.TCAGCTCCACATTAGC-1,0,0,1
L30.TCAGATGCAGCGTTCG-1,3,0,0
L30.TCACGAACATCAGTCA-1,0,25,0
L30.TCAATCTGTCTGGTCG-1,0,3,0
L30.TCAATCTAGGGTCGAT-1,1,0,0
L30.TCAACGAAGGTGCTTT-1,0,1,0
L30.TAGTTGGGTCAGATAA-1,1,0,0
L30.TAGTGGTCAATGCCAT-1,0,1,0
L30.TAGCCGGAGTGTACCT-1,0,1,0
L30.TACTTACTCATTGCCC-1,0,25,0
L30.TACTTACGTATCTGCA-1,0,1,0
L30.TACTCATCACTTAAGC-1,0,1,0
L30.TACGGATCAAATCCGT-1,0,0,1
L30.TACACGAAGGAGTAGA-1,0,5,0
L30.TAAGTGCCAAGGACTG-1,0,0,1
L30.TAAACCGTCTACTCAT-1,1,0,0
L30.GTTTCTACAGCGAACA-1,0,2,0
L30.GTTCGGGCATAACCTG-1,0,0,1
L30.GTTCATTGTAGCTTGT-1,0,0,1
L30.GTGTTAGGTACATCCA-1,0,3,0
L30.GTGGGTCAGGGCATGT-1,0,0,1
L30.GTGGGTCAGCTGGAAC-1,0,0,1
L30.GTGCTTCCATGAGCGA-1,3,0,0
L30.GTGCATATCCGTAGGC-1,0,1,0
L30.GTGCATAGTTGATTGC-1,0,0,1
L30.GTGCAGCTCCAAGTAC-1,0,1,0
L30.GTGAAGGCAGGAATCG-1,1,0,0
L30.GTCTTCGCAAGTCTGT-1,0,0,1
L30.GTCTCGTAGGGAAACA-1,0,2,0
L30.GTCATTTCACTACAGT-1,0,0,2
L30.GTCACAATCCCTTGTG-1,2,0,0
L30.GTCAAGTGTTGGTAAA-1,0,1,0
L30.GTCAAGTAGCCGTCGT-1,0,65,0
L30.GTATTCTCAATAGCAA-1,4,0,0
L30.GTATCTTTCTCAAACG-1,0,1,0
L30.GTAGTCATCGCCAAAT-1,0,0,1
L30.GTAGTCAGTATATGAG-1,0,5,0
L30.GTAGGCCTCGCCTGTT-1,0,1,0
L30.GTAGGCCGTTGGAGGT-1,2,0,0
L30.GTAGGCCGTGACGGTA-1,0,0,4
L30.GTAACTGAGGAGTACC-1,0,1,0
L30.GGTGCGTGTACCATCA-1,0,3,0
L30.GGTGCGTCAAGCCGTC-1,0,0,1
L30.GGTGAAGAGGAATGGA-1,0,5,0
L30.GGTATTGTCATGCAAC-1,0,3,0
L30.GGTATTGCAGTGGAGT-1,0,0,1
L30.GGGCACTAGGGTGTTG-1,0,0,2
L30.GGGATGATCCAGATCA-1,0,1,0
L30.GGGAATGGTTCCTCCA-1,0,0,2
L30.GGGAATGCACAGACTT-1,0,0,1
L30.GGCGTGTAGTCGAGTG-1,0,0,3
L30.GGCAATTTCCCTGACT-1,0,20,0
L30.GGACGTCTCCCAAGTA-1,0,2,0
L30.GGAATAAGTGTGAATA-1,4,0,0
L30.GGAATAACAGTCTTCC-1,0,3,0
L30.GCTTGAAGTTTCCACC-1,0,1,0
L30.GCTGCTTCACGCGAAA-1,0,3,0
L30.GCTGCAGTCATTATCC-1,0,0,1
L30.GCGCGATTCGTCTGCT-1,0,0,1
L30.GCGCGATCACCGGAAA-1,0,5,0
L30.GCGCAGTCAGATCCAT-1,1,0,0
L30.GCGACCATCATGTAGC-1,0,0,1
L30.GCCTCTAAGCGTAATA-1,0,0,3
L30.GCCAAATTCCAAACTG-1,0,0,1
L30.GCCAAATTCATAACCG-1,0,3,0
L30.GCATGATAGCTGTTCA-1,0,3,0
L30.GCAGTTACATGGAATA-1,0,2,0
L30.GCAGCCAAGTCGAGTG-1,0,3,0
L30.GATTCAGCATTCTCAT-1,0,0,1
L30.GATGCTATCGGCGCTA-1,0,0,1
L30.GATGCTAAGGGATGGG-1,0,3,0
L30.GATGAGGTCTCCCTGA-1,0,3,0
L30.GATGAAATCTCCGGTT-1,0,0,1
L30.GATCGCGCAGCTCGCA-1,0,0,1
L30.GATCGATTCTTTACGT-1,0,1,0
L30.GATCGATAGACCCACC-1,0,3,0
L30.GAGTCCGCATCGGTTA-1,2,0,0
L30.GAGGTGACATCCCATC-1,0,1,0
L30.GAGGTGAAGGATATAC-1,1,0,0
L30.GAGCAGACAATCAGAA-1,0,0,2
L30.GAGCAGAAGATATGGT-1,0,0,1
L30.GACTGCGCATGGTCTA-1,0,0,1
L30.GACGTTAAGATGTAAC-1,0,20,0
L30.GACGCGTTCGTTTAGG-1,0,0,1
L30.GACCTGGTCGAATGCT-1,0,1,0
L30.GACACGCCAAGTAATG-1,0,0,1
L30.GAACATCGTGGTCTCG-1,0,3,0
L30.GAACATCAGTCACGCC-1,0,0,1
L30.GAAATGAAGGACCACA-1,4,0,0
L30.CTTCTCTAGTTACCCA-1,0,0,1
L30.CTTACCGCAATAAGCA-1,0,3,0
L30.CTTACCGCAAGAAGAG-1,0,20,0
L30.CTTAACTAGTAGCCGA-1,0,0,1
L30.CTGTGCTGTGACGCCT-1,0,1,0
L30.CTGGTCTTCACAAACC-1,0,0,1
L30.CTGCTGTGTAACGTTC-1,0,0,1
L30.CTGCGGAAGAATGTTG-1,0,0,1
L30.CTGCCTAAGAATTGTG-1,0,25,0
L30.CTGATCCTCTCTAAGG-1,0,0,1
L30.CTGAAGTTCATACGGT-1,0,3,0
L30.CTCGAAAAGCACGCCT-1,0,5,0
L30.CTCCTAGTCGAATCCA-1,0,25,0
L30.CTCCTAGTCATCGCTC-1,0,0,1
L30.CTCAGAAGTGTTCTTT-1,0,0,1
L30.CTCAGAACAGCTGTAT-1,0,3,0
L30.CTCACACTCCGCGTTT-1,0,0,1
L30.CTCACACCATCCGTGG-1,0,1,0
L30.CTCACACCAGTCCTTC-1,0,3,0
L30.CTAGCCTGTGCGAAAC-1,0,0,1
L30.CTAGCCTCAGCATGAG-1,4,0,0
L30.CTACATTTCACGGTTA-1,0,1,0
L30.CTACATTGTAGCGTCC-1,1,0,0
L30.CTACACCCAGCTATTG-1,0,20,0
L30.CTAATGGGTGTTCGAT-1,1,0,0
L30.CTAATGGAGAGACGAA-1,0,3,0
L30.CGTGTCTCAGGCAGTA-1,0,65,0
L30.CGTCACTGTAGCTGCC-1,0,3,0
L30.CGTAGGCAGCCTTGAT-1,0,0,6
L30.CGGCTAGAGTTGAGTA-1,0,0,2
L30.CGGCTAGAGCCGTCGT-1,0,3,0
L30.CGGAGTCAGATCACGG-1,0,0,7
L30.CGGAGCTGTATGAATG-1,1,0,0
L30.CGGAGCTCATTTCACT-1,0,1,0
L30.CGGAGCTCAGGGCATA-1,0,1,0
L30.CGGACTGGTAGCTAAA-1,0,20,0
L30.CGGACTGCATCCGCGA-1,0,25,0
L30.CGCTATCAGCTAAGAT-1,0,0,6
L30.CGCGTTTGTCGACTAT-1,0,0,1
L30.CGATGTAGTTACCAGT-1,0,3,0
L30.CGATGGCTCTAAGCCA-1,3,0,0
L30.CGATGGCGTGTTGAGG-1,0,3,0
L30.CGAGCCAAGCAGGCTA-1,1,0,0
L30.CGAGCACAGTACGTAA-1,0,0,1
L30.CGAGAAGTCAGCATGT-1,0,1,0
L30.CGACTTCTCTGTTTGT-1,0,5,0
L30.CGACTTCTCAGCGACC-1,0,1,0
L30.CGACTTCCAGCCTTTC-1,0,20,0
L30.CGAATGTGTAAAGGAG-1,0,1,0
L30.CGAACATTCCGTTGCT-1,0,1,0
L30.CGAACATCACCCATTC-1,0,1,0
L30.CCTTCCCTCAACGGGA-1,1,0,0
L30.CCTTCCCAGCAGCCTC-1,0,3,0
L30.CCTTACGCAAAGGCGT-1,0,0,4
L30.CCTCTGACAGACAGGT-1,4,0,0
L30.CCTCAGTCACGTGAGA-1,0,1,0
L30.CCTACACGTAGGGTAC-1,0,2,0
L30.CCTAAAGCAAATACAG-1,0,0,1
L30.CCGTTCAAGACCGGAT-1,0,0,1
L30.CCGTACTCACTAGTAC-1,0,0,1
L30.CCCTCCTTCGCCTGTT-1,0,0,1
L30.CCCAGTTGTGGTCTCG-1,0,5,0
L30.CCCAGTTGTGCGATAG-1,0,0,1
L30.CCCAATCGTGCAGGTA-1,0,0,6
L30.CCATTCGAGACACTAA-1,0,3,0
L30.CCAGCGATCCAGTATG-1,0,0,1
L30.CCAGCGATCCACGAAT-1,0,1,0
L30.CCACTACAGACACTAA-1,2,0,0
L30.CCACCTATCCGGCACA-1,3,0,0
L30.CCACCTAAGTCAATAG-1,0,1,0
L30.CCACCTAAGGTGCTAG-1,0,1,0
L30.CATTCGCTCTCTAAGG-1,0,1,0
L30.CATGCCTCAAATTGCC-1,0,1,0
L30.CATCGGGTCCGAGCCA-1,0,1,0
L30.CATCGGGCATGGTCTA-1,0,3,0
L30.CATCGAATCCAGATCA-1,0,1,0
L30.CATCCACGTGCGCTTG-1,0,3,0
L30.CATCAGACAATGGTCT-1,0,2,0
L30.CATCAAGAGTCGAGTG-1,1,0,0
L30.CATATTCGTGACGGTA-1,0,3,0
L30.CATATTCGTCAGAATA-1,0,0,3
L30.CAGTAACCAATGGTCT-1,0,1,0
L30.CAGCTAATCCACTGGG-1,0,1,0
L30.CAGCTAAGTGGTACAG-1,0,0,3
L30.CAGCTAAGTGACGGTA-1,0,0,2
L30.CAGCGACTCTGGTATG-1,0,1,0
L30.CAGCAGCGTCTAGTGT-1,1,0,0
L30.CAGATCAGTCAGAAGC-1,0,2,0
L30.CAGAATCCATCGGACC-1,0,5,0
L30.CACCTTGTCGCTAGCG-1,4,0,0
L30.CACCTTGGTAGCTCCG-1,0,1,0
L30.CACCACTAGGTGGGTT-1,0,0,4
L30.CACATTTGTGGCTCCA-1,0,7,0
L30.CACACTCAGTGTTAGA-1,12,0,0
L30.CACACCTAGATGTAAC-1,0,0,1
L30.CACACAATCTGCTGTC-1,0,0,1
L30.CACAAACAGAAGATTC-1,4,0,0
L30.CAAGATCGTGTTTGGT-1,0,1,0
L30.CAAGAAATCCGTACAA-1,0,2,0
L30.CAACTAGGTTGCTCCT-1,0,2,0
L30.CAACCTCGTGATGATA-1,0,2,0
L30.CAACCAAAGGGATCTG-1,0,3,0
L30.ATTGGACCATGCAACT-1,0,1,0
L30.ATGTGTGTCTGCCCTA-1,0,3,0
L30.ATGTGTGTCAAAGTAG-1,4,0,0
L30.ATGGGAGCATGCCTAA-1,0,3,0
L30.ATGGGAGCACATCCGG-1,1,0,0
L30.ATGCGATTCGGCGCTA-1,0,5,0
L30.ATGAGGGTCTACTATC-1,0,0,1
L30.ATCTACTCATGTAGTC-1,0,1,0
L30.ATCATCTTCGCCAAAT-1,4,0,0
L30.ATCACGAGTCATCGGC-1,0,0,1
L30.ATAACGCCAACGCACC-1,0,1,0
L30.ATAACGCAGTGTGAAT-1,0,1,0
L30.ATAACGCAGTGGTAAT-1,1,0,0
L30.AGTGGGAGTGGCTCCA-1,0,1,0
L30.AGTGGGACAACTGCTA-1,0,0,1
L30.AGTGAGGAGTTATCGC-1,0,0,2
L30.AGTCTTTCACAGAGGT-1,0,2,0
L30.AGTAGTCCAAGCGTAG-1,0,1,0
L30.AGGTCATGTCTTGATG-1,0,0,2
L30.AGGCCGTAGGATGGTC-1,0,0,10
L30.AGCTTGAGTCTAACGT-1,0,0,1
L30.AGCTCTCTCGTACCGG-1,0,0,1
L30.AGCTCCTTCACCAGGC-1,0,0,4
L30.AGCTCCTGTTATTCTC-1,0,3,0
L30.AGCGTATTCCGGCACA-1,0,0,8
L30.AGCGGTCAGCATCATC-1,0,0,2
L30.AGCCTAATCGGAAACG-1,0,3,0
L30.AGCAGCCGTATTAGCC-1,0,1,0
L30.AGATCTGTCTACTATC-1,0,20,0
L30.AGAGTGGCAATGGAAT-1,0,0,3
L30.ACTGTCCGTGCGCTTG-1,0,0,1
L30.ACTGTCCCATTAGCCA-1,1,0,0
L30.ACTGCTCTCGTCTGCT-1,0,2,0
L30.ACTGAGTGTGTAACGG-1,0,1,0
L30.ACTGAACAGGTGGGTT-1,0,0,1
L30.ACGTCAACAATTCCTT-1,0,1,0
L30.ACGGGCTAGAGAGCTC-1,0,0,4
L30.ACCTTTACAGGAATGC-1,2,0,0
L30.ACCTTTAAGCTGCGAA-1,0,0,5
L30.ACCGTAAGTCATGCAT-1,0,0,1
L30.ACCCACTGTGCAACGA-1,0,1,0
L30.ACCCACTCAGGGAGAG-1,0,0,3
L30.ACCAGTAAGAGTTGGC-1,1,0,0
L30.ACATCAGTCTTACCGC-1,0,1,0
L30.ACATACGAGTAGGCCA-1,0,25,0
L30.ACAGCTATCCAAACAC-1,4,0,0
L30.ACAGCTACACCAGTTA-1,4,0,0
L30.ACACCGGTCAGTTTGG-1,0,0,1
L30.ACACCCTCACATGACT-1,1,0,0
L30.AAGTCTGAGTAATCCC-1,0,3,0
L30.AAGGCAGTCCGCGTTT-1,1,0,0
L30.AAGCCGCTCATTTGGG-1,0,0,5
L30.AAGCCGCGTAAATGAC-1,0,0,12
L30.AAGCCGCCAGCGATCC-1,0,1,0
L30.AACTTTCAGGATTCGG-1,0,20,0
L30.AACTCTTCAGGCAGTA-1,0,0,2
L30.AACTCCCAGTATTGGA-1,1,0,0
L30.AACTCAGGTCGCCATG-1,0,3,0
L30.AACTCAGCAGGTTTCA-1,0,1,0
L30.AACTCAGAGTTAAGTG-1,0,0,1
L30.AACGTTGAGACTGGGT-1,0,25,0
L30.AACCGCGCATCGACGC-1,0,1,0
L30.AAAGCAACAGCTTAAC-1,0,1,0
L30.AAAGATGCAGGGATTG-1,0,20,0
