,c0,c1,c2,c3,c4,c5,c6,c7,c8,c9,c10,c11,c12,c13,c14,c15,c16,c17,c18,c19,c20,c21,c22,c23,c24,c25,c26,c27,c28
L6.TTTGGTTTCTGAGTGT-1,2,2,2,2,2,2,2,2,2,2,2,2,2,2,2,2,2,2,2,2,2,2,2,2,2,2,-1,-1,-1
L6.TTTGGTTCATGTAAGA-1,2,2,2,2,2,3,3,3,2,2,2,3,3,3,3,3,2,3,3,3,3,3,3,3,3,3,-1,-1,-1
L6.TTTGCGCAGCTCCTCT-1,2,2,2,2,3,4,4,4,2,2,2,4,2,4,4,4,2,2,2,4,4,4,4,3,4,0,-1,-1,-1
L6.TTTATGCTCGCCGTGA-1,2,2,2,2,2,2,2,2,2,2,2,2,2,2,2,2,2,2,2,2,2,2,2,3,5,0,-1,-1,-1
L6.TTTACTGTCACTTCAT-1,2,2,2,-1,-1,-1,4,4,2,2,2,4,4,4,4,4,2,4,4,4,4,4,5,3,4,4,2,2,2
L6.TTGGAACGTTCGGGCT-1,3,2,2,2,4,5,4,5,2,2,2,5,2,4,5,4,2,0,2,5,4,5,6,3,6,5,2,2,2
L6.TTGGAACGTTATGTGC-1,-1,-1,-1,2,2,5,5,6,2,2,2,5,5,5,5,5,2,2,-1,-1,-1,2,7,3,7,2,-1,-1,-1
L6.TTCTTAGTCTTAGCCC-1,2,2,2,2,2,0,3,3,2,2,2,6,6,3,0,3,2,5,3,3,3,6,3,3,3,0,-1,-1,-1
L6.TTCTCCTAGCTGAAAT-1,2,2,2,2,2,6,2,2,2,2,2,5,2,2,0,2,2,2,2,2,2,2,2,-1,-1,-1,-1,-1,-1
L6.TTCTCAAAGGTGCAAC-1,2,2,2,2,2,7,2,2,2,2,2,2,2,2,2,2,2,2,2,2,2,2,2,3,5,0,-1,-1,-1
L6.TTCTACAAGGCATGTG-1,4,2,2,2,2,0,2,7,2,2,2,5,2,6,0,6,2,0,5,6,5,2,8,3,0,6,-1,-1,-1
L6.TTCGGTCTCATAACCG-1,-1,-1,-1,2,2,5,5,6,2,2,2,0,5,5,5,5,2,0,2,7,6,-1,-1,3,8,2,-1,-1,-1
L6.TTCCCAGAGACCCACC-1,2,2,2,2,2,8,3,3,2,2,2,6,6,3,6,3,2,5,3,3,3,6,3,3,3,0,-1,-1,-1
L6.TTATGCTGTGGTCCGT-1,2,2,2,2,2,9,2,2,2,2,2,2,2,2,2,2,2,2,2,2,2,2,2,3,5,0,-1,-1,-1
L6.TTAGTTCGTCGGATCC-1,2,2,2,2,5,10,6,8,2,2,2,5,2,7,0,7,2,7,2,7,0,3,8,3,9,7,2,2,2
L6.TTAGTTCGTCACTGGC-1,2,2,2,2,6,11,4,9,2,2,2,7,7,4,7,4,2,8,6,4,4,4,0,3,10,0,2,2,2
L6.TTAGTTCCATGATCCA-1,2,2,2,2,6,11,4,9,2,2,2,8,7,4,0,4,2,0,7,4,4,4,9,3,3,8,2,2,2
L6.TTAGTTCAGGAGCGTT-1,-1,-1,-1,2,4,12,4,5,2,2,2,5,2,4,5,4,2,9,8,5,4,-1,-1,3,11,9,2,2,2
L6.TTAGTTCAGCACACAG-1,2,2,2,2,2,0,2,2,2,2,2,2,2,2,2,2,2,2,2,2,2,2,2,3,5,0,-1,-1,-1
L6.TTAGGACGTGTGAAAT-1,-1,-1,-1,2,2,5,5,6,2,2,2,5,5,5,5,5,2,0,-1,-1,-1,2,8,3,7,2,-1,-1,-1
L6.TTAGGACCACGGCTAC-1,2,2,2,2,6,11,4,9,2,2,2,0,7,4,8,4,2,10,6,4,7,4,0,3,10,0,2,2,2
L6.TTAACTCAGAGACGAA-1,5,2,2,2,2,5,2,7,2,2,2,5,8,8,9,4,2,2,9,6,5,2,8,3,12,10,-1,-1,-1
L6.TGTGTTTCAAGCTGAG-1,2,2,2,2,6,11,4,9,2,2,2,5,7,4,11,4,2,5,7,4,4,4,10,3,3,0,2,2,2
L6.TGTGTTTAGGGCTTCC-1,-1,-1,-1,3,8,14,4,11,0,2,3,9,2,9,12,4,2,11,2,8,4,7,0,4,14,12,3,3,0
L6.TGTCCCAAGGTCGGAT-1,2,2,2,2,2,15,2,2,2,2,2,2,2,2,2,2,2,2,2,2,2,2,2,-1,-1,-1,-1,-1,-1
L6.TGGTTCCTCAACACTG-1,3,2,2,2,4,5,4,5,2,2,2,5,2,4,5,4,2,2,2,5,4,-1,-1,3,6,5,2,2,2
L6.TGGTTAGAGCGTCAAG-1,2,2,2,2,2,0,2,2,2,2,2,2,9,2,13,2,2,2,2,2,2,2,2,3,5,0,-1,-1,-1
L6.TGGGCGTGTGATGTCT-1,2,2,2,2,2,2,2,2,2,2,2,2,2,2,2,2,2,2,2,2,2,2,2,5,16,14,-1,-1,-1
L6.TGGGAAGTCGGAAATA-1,2,2,2,2,2,6,3,3,2,2,2,3,10,3,11,3,2,13,3,3,3,3,3,3,3,15,-1,-1,-1
L6.TGGGAAGAGGGAACGG-1,-1,-1,-1,2,2,5,5,6,2,2,2,3,5,5,5,5,2,2,2,7,6,2,8,-1,-1,-1,-1,-1,-1
L6.TGGCGCATCTCGTATT-1,6,3,3,4,9,14,8,5,3,2,4,10,11,10,14,9,3,14,2,9,8,3,5,4,17,16,-1,-1,-1
L6.TGGCCAGCAGTAACGG-1,2,2,2,2,2,9,3,3,2,2,2,3,12,3,5,3,2,3,3,3,3,3,3,3,3,3,-1,-1,-1
L6.TGGCCAGCAATCACAC-1,5,2,2,2,2,5,2,7,2,2,2,5,8,8,9,4,2,2,9,6,5,2,12,3,12,10,-1,-1,-1
L6.TGCTACCAGGGCATGT-1,2,2,2,2,2,0,2,2,2,2,2,2,9,2,15,2,2,2,2,2,2,2,2,3,5,0,-1,-1,-1
L6.TGCTACCAGGGATACC-1,2,2,2,2,2,16,2,2,2,2,2,2,2,2,2,2,2,2,2,2,2,2,2,-1,-1,-1,-1,-1,-1
L6.TGCGTGGCACATCTTT-1,2,2,2,2,6,11,4,9,2,2,2,0,7,4,15,4,2,15,6,4,9,4,8,3,10,0,2,2,2
L6.TGCCCTATCTCGTTTA-1,-1,-1,-1,3,8,0,4,11,4,3,5,11,2,11,16,4,2,11,-1,-1,-1,8,13,4,14,12,-1,-1,-1
L6.TGCCCTAAGCTGAAAT-1,2,2,2,2,2,5,2,2,2,4,2,2,2,2,0,2,2,2,2,2,2,2,2,-1,-1,-1,-1,-1,-1
L6.TGCCCATTCCTATGTT-1,-1,-1,-1,2,2,5,5,6,2,2,2,3,5,5,17,5,2,0,7,7,6,2,14,3,2,2,-1,-1,-1
L6.TGCCCATCAGACGCTC-1,7,4,0,3,8,17,4,11,4,3,2,0,2,12,10,4,2,11,-1,-1,-1,9,15,6,14,12,-1,-1,-1
L6.TGCCAAAGTCGGCACT-1,2,2,2,-1,-1,-1,3,3,2,2,2,3,-1,-1,-1,-1,-1,-1,-1,-1,-1,9,3,3,3,17,-1,-1,-1
L6.TGCACCTGTGTCGCTG-1,2,2,2,2,2,18,2,2,2,2,2,2,2,2,2,2,2,2,2,2,2,2,2,3,5,0,-1,-1,-1
L6.TGATTTCCAAGGACTG-1,2,2,2,2,2,0,3,3,2,2,2,6,6,3,0,3,2,5,3,3,3,6,3,3,3,2,-1,-1,-1
L6.TGAGGGATCTTACCTA-1,-1,-1,-1,3,8,0,4,11,5,5,6,12,-1,-1,-1,4,2,11,-1,-1,-1,8,8,4,14,12,-1,-1,-1
L6.TGAGCCGCATAGGATA-1,2,2,2,2,6,19,4,9,2,2,2,13,7,4,18,4,2,0,2,4,10,4,16,3,18,18,-1,-1,-1
L6.TGAGCATGTTGGACCC-1,2,2,2,2,6,11,4,9,2,6,2,7,-1,-1,-1,4,2,8,6,4,4,4,17,3,10,0,2,2,2
L6.TGAGCATGTTACGACT-1,2,2,2,2,2,5,2,2,2,2,2,2,2,2,0,2,2,2,2,2,2,2,2,7,13,19,-1,-1,-1
L6.TGAGAGGCAACCGCCA-1,-1,-1,-1,3,8,17,4,11,0,3,2,14,2,12,10,4,2,11,-1,-1,-1,-1,-1,4,14,12,0,4,3
L6.TGACTAGAGAGCTGCA-1,2,2,2,2,2,6,2,2,2,2,2,2,9,2,15,2,2,2,2,2,2,2,2,-1,-1,-1,-1,-1,-1
L6.TGACGGCCATGCCTAA-1,2,2,2,2,2,0,2,2,2,2,2,2,9,2,15,2,2,2,2,2,2,2,2,8,19,20,-1,-1,-1
L6.TGAAAGAGTGCTCTTC-1,5,2,2,2,2,5,2,7,2,2,2,5,2,8,9,5,2,2,2,6,5,2,18,3,12,15,-1,-1,-1
L6.TCTTCGGTCCTAGAAC-1,-1,-1,-1,2,2,5,5,6,2,2,2,5,5,5,5,5,2,16,-1,-1,-1,2,13,3,7,2,-1,-1,-1
L6.TCTGAGACATATGAGA-1,2,2,2,2,2,0,2,2,2,2,2,2,10,2,2,2,2,2,2,2,2,2,2,-1,-1,-1,-1,-1,-1
L6.TCTCTAAAGCGTAATA-1,2,2,2,2,2,9,4,12,2,2,2,0,13,13,19,4,2,17,3,10,0,9,3,3,3,21,-1,-1,-1
L6.TCTCATAAGGCAGGTT-1,2,2,2,2,2,9,2,9,2,2,2,3,2,14,0,10,4,18,5,2,2,2,2,3,5,22,-1,-1,-1
L6.TCTATTGGTCGCATCG-1,2,2,2,2,7,0,5,6,2,-1,-1,-1,3,4,0,4,2,19,7,5,11,-1,-1,3,13,9,2,2,2
L6.TCGTAGACACCCATTC-1,2,2,2,2,2,18,2,2,2,2,2,2,9,2,15,2,2,2,2,2,2,2,2,-1,-1,-1,-1,-1,-1
L6.TCGGTAAAGAGGGCTT-1,2,2,2,2,6,11,4,9,2,4,2,15,7,4,0,4,2,0,6,4,4,4,8,3,10,0,2,2,2
L6.TCGGGACTCACAATGC-1,3,2,2,2,4,21,4,13,2,2,2,5,-1,-1,-1,4,2,5,2,5,4,-1,-1,3,6,5,-1,-1,-1
L6.TCGCGAGAGTCTCAAC-1,2,2,2,2,2,22,2,2,2,2,2,2,2,2,2,2,2,2,2,2,2,2,2,-1,-1,-1,-1,-1,-1
L6.TCGAGGCAGCGATAGC-1,-1,-1,-1,2,2,5,5,6,2,2,2,5,5,5,5,5,2,2,-1,-1,-1,2,8,3,7,2,-1,-1,-1
L6.TCCACACGTCAACTGT-1,2,2,2,2,6,0,4,9,2,2,2,16,7,4,5,4,2,11,6,4,10,4,16,3,3,0,2,2,2
L6.TCATTTGCAAGGACTG-1,8,2,2,2,10,23,9,9,2,2,2,5,14,4,5,8,2,0,10,5,4,-1,-1,3,20,15,2,2,2
L6.TCATTACTCAGTACGT-1,4,2,2,2,2,5,2,7,2,2,2,5,-1,-1,-1,6,2,2,5,6,5,2,8,3,21,6,-1,-1,-1
L6.TCAGGATGTGCAACTT-1,4,2,2,2,2,9,2,7,2,2,2,5,2,6,5,-1,-1,-1,5,6,5,2,8,-1,-1,-1,-1,-1,-1
L6.TCAGCTCCATCTATGG-1,2,2,2,2,2,5,2,2,2,2,2,2,9,2,15,2,2,2,2,2,2,2,2,3,5,0,-1,-1,-1
L6.TCAGCAATCCGGCACA-1,2,2,2,2,7,5,-1,-1,-1,2,2,3,3,4,5,8,2,2,7,5,12,-1,-1,3,13,11,0,5,2
L6.TCAGCAAGTTACCGAT-1,2,2,2,2,6,25,4,9,2,2,2,17,7,4,0,4,2,20,7,4,10,4,16,-1,-1,-1,2,2,2
L6.TCAGATGCACTTAAGC-1,2,2,2,2,2,0,2,5,2,2,2,0,-1,-1,-1,10,4,18,12,2,2,2,2,3,5,22,-1,-1,-1
L6.TATCTCATCAACCATG-1,2,2,2,2,2,26,-1,-1,-1,2,2,5,-1,-1,-1,5,2,2,2,6,5,2,5,3,7,22,-1,-1,-1
L6.TATCAGGTCGAGGTAG-1,5,2,2,2,2,0,-1,-1,-1,2,2,5,2,8,9,4,2,2,2,6,5,-1,-1,3,12,24,-1,-1,-1
L6.TATCAGGCAGGAACGT-1,2,2,2,2,6,11,4,9,2,2,2,7,7,4,0,4,2,8,6,4,4,4,8,3,10,0,2,2,2
L6.TAGTTGGGTACGCACC-1,2,2,2,2,2,0,3,3,2,2,2,6,6,3,21,3,2,5,3,3,3,6,3,3,3,2,-1,-1,-1
L6.TAGTTGGCAGCCACCA-1,3,2,2,2,4,27,4,12,2,2,2,5,2,4,0,4,2,16,7,5,4,-1,-1,3,15,2,2,2,2
L6.TAGTTGGAGGCATGTG-1,2,2,2,2,2,28,-1,-1,-1,2,2,2,2,2,2,2,2,2,2,2,2,2,2,-1,-1,-1,-1,-1,-1
L6.TAGGCATCAGATGGGT-1,2,2,2,2,10,23,9,9,2,2,2,0,14,4,22,8,2,21,10,5,4,-1,-1,3,20,25,2,2,2
L6.TAGACCAGTTATGTGC-1,-1,-1,-1,3,8,5,11,11,6,3,2,18,2,12,10,4,2,11,-1,-1,-1,10,0,4,14,12,-1,-1,-1
L6.TAGACCACAGCTGTAT-1,2,2,2,2,6,11,4,9,2,2,2,7,7,4,0,4,2,8,6,4,4,4,0,3,10,0,2,2,2
L6.TACTTGTAGCGGCTTC-1,2,2,2,2,6,11,4,9,2,2,2,7,7,4,5,4,2,8,6,4,4,4,0,3,10,0,2,2,2
L6.TACGGTACATACTCTT-1,2,2,2,2,6,11,4,9,2,2,2,7,7,4,23,4,2,8,6,4,4,-1,-1,3,10,0,2,2,2
L6.TACGGATTCAACGCTA-1,3,5,0,5,5,10,8,14,7,2,6,19,15,15,0,-1,-1,-1,2,11,0,3,0,9,22,0,-1,-1,-1
L6.TACCTATTCGGCCGAT-1,2,2,2,2,2,20,2,2,2,2,2,2,2,2,2,2,2,2,2,2,2,2,2,3,5,0,-1,-1,-1
L6.TACAGTGGTCCCTACT-1,2,2,2,2,2,0,3,3,2,2,2,0,6,3,0,3,2,22,3,3,3,6,3,3,3,23,-1,-1,-1
L6.TAAGTGCGTCCAGTGC-1,4,2,2,2,2,0,2,7,2,-1,-1,-1,2,6,24,4,2,23,5,6,5,2,13,3,8,2,-1,-1,-1
L6.TAAGCGTTCACAGGCC-1,2,2,2,2,2,8,2,2,2,2,2,2,2,2,2,2,2,2,2,2,2,2,2,-1,-1,-1,-1,-1,-1
L6.TAAGAGATCGCATGGC-1,2,2,2,2,2,29,2,2,2,2,2,2,9,2,15,2,2,2,2,2,2,2,2,-1,-1,-1,-1,-1,-1
L6.GTTTCTAGTGAAGGCT-1,2,2,2,2,6,11,11,9,2,2,2,20,7,4,25,11,5,16,6,4,9,4,8,3,10,0,2,2,2
L6.GTTAAGCTCGCGATCG-1,2,2,2,2,2,30,2,2,2,2,2,2,9,2,11,2,2,2,2,2,2,2,2,-1,-1,-1,-1,-1,-1
L6.GTGTTAGTCATCGATG-1,2,2,2,2,2,5,2,2,2,2,2,2,2,2,2,2,2,2,2,2,2,2,2,3,5,0,-1,-1,-1
L6.GTGGGTCTCTCAACTT-1,3,2,2,2,4,5,4,9,2,2,2,5,10,4,25,4,2,11,2,5,4,-1,-1,3,6,5,2,2,2
L6.GTGGGTCTCTATGTGG-1,2,6,4,5,11,31,3,15,8,2,6,21,15,15,0,4,6,24,13,12,4,3,8,10,13,26,4,6,0
L6.GTGGGTCAGTTACCCA-1,2,2,2,2,6,11,4,9,2,2,2,7,7,4,26,4,2,8,6,4,4,4,3,3,10,0,2,2,2
L6.GTGCTTCGTCGAACAG-1,2,2,2,2,6,14,4,9,2,2,2,5,7,4,5,4,2,15,12,4,10,4,16,3,0,11,2,2,2
L6.GTGCAGCAGATCTGAA-1,2,2,2,2,2,0,2,2,2,7,2,2,2,2,2,2,2,2,2,2,2,2,2,-1,-1,-1,-1,-1,-1
L6.GTCTCGTAGTGAAGTT-1,-1,-1,-1,2,2,9,3,3,2,2,2,3,12,3,25,3,2,3,3,3,3,3,3,3,3,3,-1,-1,-1
L6.GTCTCGTAGCCTTGAT-1,2,2,2,2,2,32,2,2,2,2,2,2,2,2,2,2,2,2,2,2,2,2,2,-1,-1,-1,-1,-1,-1
L6.GTCGTAAAGCGCTTAT-1,2,2,2,2,7,5,12,10,9,2,2,3,3,4,5,8,2,2,7,5,12,-1,-1,3,13,11,2,2,2
L6.GTCCTCAGTGGCAAAC-1,2,2,2,2,2,2,2,2,2,2,2,2,9,2,2,2,2,2,2,2,2,2,2,-1,-1,-1,-1,-1,-1
L6.GTCCTCAGTCCATGAT-1,2,2,2,2,2,33,2,2,2,2,2,2,2,2,2,2,2,2,2,2,2,2,2,3,5,0,-1,-1,-1
L6.GTCATTTTCGCATGAT-1,2,2,2,2,6,0,4,9,2,2,2,22,7,4,9,4,2,20,7,4,10,4,16,3,18,18,2,2,2
L6.GTCATTTGTTGAGTTC-1,2,2,2,2,2,0,2,2,2,2,2,2,2,2,2,2,2,2,2,2,2,2,2,5,16,14,-1,-1,-1
L6.GTCATTTGTGATGCCC-1,2,2,2,2,2,0,2,2,2,2,2,5,2,2,0,2,2,2,2,2,2,2,2,3,5,0,-1,-1,-1
L6.GTCACAAGTATAGTAG-1,2,2,2,2,7,0,7,10,2,2,2,3,3,4,10,8,2,2,7,5,4,-1,-1,3,13,11,2,2,2
L6.GTCAAGTAGCGATTCT-1,2,2,2,2,2,34,2,2,2,2,2,2,2,2,2,2,2,2,2,2,2,-1,-1,-1,-1,-1,-1,-1,-1
L6.GTACTTTGTGGTACAG-1,2,2,2,2,10,23,9,9,2,2,2,23,14,4,5,8,2,0,10,5,4,-1,-1,3,20,24,-1,-1,-1
L6.GTACTCCTCAAGGCTT-1,2,2,2,2,2,35,2,2,2,2,2,2,2,2,2,2,2,2,2,2,2,2,2,-1,-1,-1,-1,-1,-1
L6.GTACTCCCAAGCTGAG-1,2,2,2,2,6,11,4,9,2,2,2,5,7,4,0,4,2,16,6,4,13,4,0,3,10,0,2,2,2
L6.GTAACTGTCAAGGTAA-1,2,2,2,2,2,3,3,3,2,2,2,3,16,3,3,3,2,3,3,3,3,3,3,3,3,3,-1,-1,-1
L6.GTAACTGGTGGCTCCA-1,2,2,2,2,7,5,7,10,2,2,2,3,3,4,5,8,2,2,7,5,12,-1,-1,3,13,11,5,2,2
L6.GGTGTTACATGGGACA-1,2,2,2,2,2,5,2,2,2,2,2,2,9,2,0,2,2,2,2,2,2,2,2,-1,-1,-1,-1,-1,-1
L6.GGTGTTAAGCCAACAG-1,2,2,2,2,10,23,9,9,2,2,2,24,14,4,5,8,2,25,10,5,4,-1,-1,-1,-1,-1,-1,-1,-1
L6.GGTGCGTCATCACGTA-1,2,2,2,2,2,15,-1,-1,-1,2,7,2,2,2,2,2,2,2,2,2,2,2,2,-1,-1,-1,-1,-1,-1
L6.GGTGCGTCAACTGCGC-1,2,2,2,2,6,11,4,9,2,4,2,5,7,4,27,4,2,26,2,4,14,4,7,-1,-1,-1,-1,-1,-1
L6.GGGTCTGTCAACTCTT-1,2,2,2,2,2,36,3,3,2,2,2,6,6,3,0,3,2,5,3,3,3,6,3,3,3,0,-1,-1,-1
L6.GGGTCTGCAGACGCCT-1,2,2,2,2,6,11,4,9,2,2,2,0,7,4,5,4,2,8,6,4,4,4,14,3,10,0,-1,-1,-1
L6.GGGAGATCAACACCTA-1,2,2,2,2,2,24,13,16,2,2,2,25,13,13,19,4,2,17,3,10,14,9,3,3,3,21,-1,-1,-1
L6.GGGACCTCAAATTGCC-1,2,2,2,2,2,37,2,2,2,2,2,2,2,2,2,2,2,2,2,2,2,2,2,3,5,0,-1,-1,-1
L6.GGGAATGCAGTGGAGT-1,2,2,2,2,2,38,3,3,2,2,2,6,6,3,0,3,2,5,3,3,3,6,3,3,3,2,-1,-1,-1
L6.GGCTGGTCAGTCCTTC-1,2,2,2,2,2,0,3,3,2,2,2,6,6,3,5,3,2,5,3,3,3,6,3,3,3,27,-1,-1,-1
L6.GGCTCGATCCGCAAGC-1,0,2,2,2,12,39,4,17,2,2,2,5,-1,-1,-1,-1,-1,-1,12,5,4,-1,-1,3,5,2,2,2,2
L6.GGCGACTGTGTAACGG-1,2,2,2,2,7,40,7,10,2,2,2,3,3,4,0,-1,-1,-1,7,5,0,-1,-1,3,13,11,-1,-1,-1
L6.GGAGCAAGTCTAGCCG-1,2,2,2,2,2,0,2,2,2,2,2,2,9,2,0,2,2,2,2,2,2,2,2,-1,-1,-1,-1,-1,-1
L6.GGACATTCAGTCGATT-1,9,2,2,2,6,11,4,9,2,2,2,7,7,4,28,4,2,8,6,4,4,4,19,3,10,0,2,2,2
L6.GGACATTAGCTTTGGT-1,2,2,2,2,2,29,3,3,2,2,2,6,6,3,0,3,2,5,3,3,3,6,3,3,3,28,-1,-1,-1
L6.GGACAAGGTTAAGGGC-1,-1,-1,-1,2,6,5,14,18,2,2,2,5,2,4,5,4,2,2,7,5,4,-1,-1,3,15,2,2,2,2
L6.GGAATAAAGAGGACGG-1,2,2,2,2,6,11,4,9,2,2,2,5,7,4,11,4,2,5,7,4,4,4,10,3,3,2,2,2,2
L6.GGAAAGCTCATGCTCC-1,2,2,2,2,2,5,2,2,2,2,2,5,2,2,2,2,2,2,2,2,2,2,2,3,5,0,-1,-1,-1
L6.GCTTGAAGTGTATGGG-1,2,2,2,2,6,11,4,9,2,2,2,7,7,4,5,4,2,8,6,4,4,4,17,3,10,0,2,2,2
L6.GCTTGAAGTCTAAACC-1,2,2,2,3,8,6,4,11,10,8,8,27,2,4,29,4,2,11,-1,-1,-1,3,20,11,14,12,2,7,0
L6.GCTGCTTAGTACGACG-1,2,2,2,2,7,6,7,10,2,2,2,3,3,4,10,8,2,2,7,5,4,4,4,3,13,11,5,2,2
L6.GCTGCAGAGCTACCTA-1,2,2,2,2,2,41,3,3,2,2,2,0,6,3,0,3,2,22,3,3,3,6,3,3,3,0,-1,-1,-1
L6.GCTCCTATCAGAAATG-1,2,2,2,-1,-1,-1,4,4,2,2,2,4,4,16,4,4,2,2,4,4,0,4,8,3,4,2,2,2,2
L6.GCTCCTAGTGTGACGA-1,2,2,2,2,2,28,2,2,2,2,2,2,2,2,0,2,2,2,2,2,2,2,2,-1,-1,-1,-1,-1,-1
L6.GCTCCTACAAAGTGCG-1,2,2,2,2,2,5,3,3,2,2,2,6,6,3,0,3,2,5,3,3,3,6,3,3,3,0,-1,-1,-1
L6.GCGGGTTGTCTAGCCG-1,2,2,2,2,7,5,7,10,2,2,2,3,3,4,5,8,2,2,7,5,12,-1,-1,3,13,11,2,2,2
L6.GCGCAACTCCACTCCA-1,2,2,2,2,2,42,2,2,2,2,2,2,2,2,2,2,2,2,2,2,2,2,2,3,5,0,-1,-1,-1
L6.GCGAGAATCATGCAAC-1,2,2,2,2,6,11,4,9,2,2,2,0,7,4,0,4,2,8,6,4,4,4,8,3,10,0,-1,-1,-1
L6.GCGAGAACATAGGATA-1,-1,-1,-1,2,2,9,3,3,2,2,2,3,12,3,30,3,2,3,-1,-1,-1,3,3,-1,-1,-1,-1,-1,-1
L6.GCGACCAGTGATGTGG-1,10,2,2,2,10,23,9,9,2,2,2,28,14,4,31,8,2,5,10,5,4,-1,-1,3,20,2,2,2,2
L6.GCCTCTACATGTCTCC-1,2,2,2,2,2,9,4,12,2,2,2,5,13,13,19,4,2,17,3,10,4,9,3,3,3,21,-1,-1,-1
L6.GCCAAATGTTATCGGT-1,2,2,2,2,6,11,4,9,2,2,2,9,7,4,8,4,2,8,6,4,4,-1,-1,3,10,0,2,2,2
L6.GCATGTACATAAAGGT-1,2,2,2,2,2,5,5,6,2,2,2,3,5,5,5,5,2,0,2,7,6,2,7,3,19,2,-1,-1,-1
L6.GCATGCGGTTCCGGCA-1,2,2,2,2,6,11,4,9,2,2,2,5,7,4,11,4,2,5,7,4,4,4,10,3,3,29,2,2,2
L6.GCATACAGTAAGTGTA-1,2,2,2,2,2,0,2,2,2,2,2,2,2,2,2,2,2,2,9,2,2,2,2,3,5,0,-1,-1,-1
L6.GCAGTTATCATTGCGA-1,2,2,2,2,2,2,2,2,2,7,2,2,2,2,2,2,2,2,2,2,2,2,2,3,5,0,-1,-1,-1
L6.GCACATAAGCTGAACG-1,2,2,2,2,2,43,2,2,2,-1,-1,-1,2,2,2,2,2,2,2,2,2,2,2,-1,-1,-1,-1,-1,-1
L6.GCAATCATCCTTGACC-1,2,2,2,2,6,11,4,9,2,2,2,0,7,4,0,4,2,5,6,4,4,-1,-1,3,10,0,2,2,2
L6.GCAATCAGTCCAGTTA-1,-1,-1,-1,2,2,5,5,6,2,2,2,26,5,5,5,5,2,27,2,7,6,2,8,-1,-1,-1,-1,-1,-1
L6.GCAATCACAGCTATTG-1,2,2,2,2,6,5,14,18,2,2,2,5,2,4,5,4,2,0,7,5,4,-1,-1,3,15,2,2,2,2
L6.GCAAACTCATGGAATA-1,2,2,2,2,2,14,2,2,2,-1,-1,-1,2,2,0,2,2,2,2,2,2,2,2,-1,-1,-1,-1,-1,-1
L6.GATTCAGTCGTTACGA-1,2,2,2,2,2,44,2,2,2,2,2,2,2,2,2,2,2,2,2,2,2,2,2,-1,-1,-1,-1,-1,-1
L6.GATGCTAAGGCCCTCA-1,2,2,2,2,6,11,4,9,2,2,2,7,7,4,0,4,2,8,6,4,4,4,18,3,10,0,2,2,2
L6.GATGAAATCAAAGACA-1,2,2,2,2,2,0,2,2,2,2,2,2,2,2,0,2,2,2,2,2,2,2,2,3,5,0,-1,-1,-1
L6.GATCGTAGTATCACCA-1,2,2,2,2,7,13,7,10,2,2,2,3,3,4,10,8,2,2,7,5,4,3,18,3,13,11,2,2,2
L6.GAGTCCGGTATTACCG-1,3,2,2,2,4,8,4,12,2,2,2,5,2,4,0,4,2,4,7,5,4,-1,-1,3,15,24,2,2,2
L6.GAGTCCGCACATTTCT-1,2,2,2,2,10,23,9,9,2,2,2,5,14,4,25,-1,-1,-1,10,5,4,-1,-1,3,20,30,-1,-1,-1
L6.GAGCAGAAGTGTACCT-1,2,2,2,2,6,0,4,9,2,2,2,0,7,4,27,4,2,0,2,4,10,4,16,3,18,18,-1,-1,-1
L6.GACTACATCCCTCTTT-1,-1,-1,-1,3,8,5,4,11,0,2,2,0,2,9,12,4,2,11,-1,-1,-1,7,21,12,14,12,-1,-1,-1
L6.GACTACAAGTTGAGTA-1,-1,-1,-1,3,8,27,4,11,0,2,2,0,2,9,12,4,2,11,-1,-1,-1,7,14,4,14,12,6,7,0
L6.GACTACAAGGCAGTCA-1,2,2,2,2,6,15,4,9,2,2,2,29,7,4,9,4,2,28,2,4,10,4,16,3,15,31,-1,-1,-1
L6.GACGTGCAGTCTCCTC-1,2,2,2,2,2,0,2,2,2,2,2,2,0,2,2,2,2,2,2,2,2,2,2,3,5,0,-1,-1,-1
L6.GACGCGTTCACGACTA-1,2,2,2,2,2,0,3,3,2,2,2,0,6,3,0,3,2,22,3,3,3,6,3,3,3,24,-1,-1,-1
L6.GACCTGGCATTCCTCG-1,2,2,2,2,7,14,5,6,2,-1,-1,-1,3,4,5,4,2,19,7,5,0,-1,-1,3,13,2,2,2,2
L6.GACCTGGAGTGAAGTT-1,3,2,2,2,4,9,4,14,2,2,2,5,-1,-1,-1,4,2,0,9,5,4,-1,-1,3,6,5,2,2,2
L6.GACCAATTCCTTGGTC-1,3,2,2,2,4,45,4,9,2,2,2,5,2,4,25,4,2,2,2,5,4,-1,-1,3,6,5,2,2,2
L6.GAATGAACAGTTCCCT-1,11,2,2,3,8,0,4,11,11,8,8,27,2,4,29,4,2,11,-1,-1,-1,3,0,11,14,12,-1,-1,-1
L6.GAAGCAGTCGGGAGTA-1,2,2,2,2,2,46,2,2,2,2,2,2,2,2,2,2,2,2,2,2,2,2,2,-1,-1,-1,-1,-1,-1
L6.GAAGCAGCATACCATG-1,2,2,2,2,2,47,2,2,2,2,2,2,9,2,0,2,2,2,2,2,2,2,2,3,5,0,-1,-1,-1
L6.GAAGCAGCAACTGCGC-1,2,2,2,2,5,10,6,5,2,2,2,3,2,4,0,7,2,7,2,7,15,3,8,3,2,2,2,2,2
L6.GAACGGAGTTCCACTC-1,9,2,2,2,2,5,-1,-1,-1,-1,-1,-1,2,2,2,2,2,2,2,2,2,2,2,-1,-1,-1,-1,-1,-1
L6.GAACATCCAGCGATCC-1,2,2,2,2,2,6,2,2,2,2,2,2,2,2,2,2,2,2,2,2,2,2,2,3,5,0,-1,-1,-1
L6.GAAATGAGTTGGTGGA-1,-1,-1,-1,2,2,9,3,3,2,2,2,3,12,3,32,3,2,3,3,3,3,3,3,3,3,3,-1,-1,-1
L6.GAAACTCCAAATACAG-1,2,2,2,2,2,0,2,2,2,2,2,2,2,2,2,2,2,2,2,2,2,2,2,8,2,6,-1,-1,-1
L6.CTTGGCTGTTATCGGT-1,5,2,2,2,2,14,2,7,2,2,2,5,8,8,9,4,2,2,9,6,5,2,0,3,12,10,-1,-1,-1
L6.CTTGGCTGTACAAGTA-1,2,2,2,2,6,11,4,9,2,2,2,7,7,4,0,4,2,8,6,4,4,4,19,3,10,0,2,2,2
L6.CTGGTCTCATACGCCG-1,2,2,2,2,2,48,3,3,2,-1,-1,-1,14,3,33,3,2,3,3,3,3,11,3,3,3,9,-1,-1,-1
L6.CTGATAGAGACTAGGC-1,5,2,2,2,2,0,2,7,2,2,2,5,8,8,9,4,2,2,9,6,5,2,0,3,12,10,-1,-1,-1
L6.CTCTGGTTCTTGCAAG-1,2,2,2,2,2,15,3,3,2,2,2,6,6,3,0,3,2,5,3,3,3,6,3,3,3,2,-1,-1,-1
L6.CTCTGGTTCGCCAGCA-1,-1,-1,-1,2,2,5,5,6,2,2,2,3,5,5,5,5,2,29,5,7,6,-1,-1,3,2,2,-1,-1,-1
L6.CTCGTACCACTTACGA-1,2,2,2,2,2,0,2,2,2,2,2,2,9,2,34,2,2,2,2,2,2,2,2,-1,-1,-1,-1,-1,-1
L6.CTCGTACCAAAGGAAG-1,6,3,5,4,9,49,8,5,12,9,4,10,11,17,35,-1,-1,-1,2,9,4,3,22,8,17,0,3,3,4
L6.CTCGTACAGGTGATTA-1,12,7,6,3,8,5,4,11,5,5,6,12,-1,-1,-1,4,2,11,-1,-1,-1,8,0,4,14,12,-1,-1,-1
L6.CTCGGAGGTAGCGTCC-1,2,2,2,2,2,0,2,2,2,2,2,2,17,2,2,2,2,2,2,2,2,2,2,-1,-1,-1,-1,-1,-1
L6.CTCGGAGCACTATCTT-1,2,2,2,2,2,50,2,2,2,2,2,2,9,2,15,2,2,2,2,2,2,2,2,3,5,0,-1,-1,-1
L6.CTCATTAAGCTATGCT-1,2,2,2,2,6,11,4,9,2,2,2,0,7,4,36,4,2,8,6,4,4,4,0,3,10,0,2,2,2
L6.CTCACACTCGGTGTCG-1,-1,-1,-1,3,8,15,15,11,0,2,9,30,2,9,12,4,2,11,-1,-1,-1,7,23,2,14,12,-1,-1,-1
L6.CTAGCCTAGTTAGGTA-1,3,2,2,2,4,0,4,19,2,2,2,5,18,4,37,4,2,30,2,5,4,-1,-1,3,6,5,-1,-1,-1
L6.CTAACTTCACGTTGGC-1,3,3,3,6,9,5,-1,-1,-1,2,4,5,2,18,5,-1,-1,-1,2,9,4,12,13,4,2,32,-1,-1,-1
L6.CTAACTTAGTTACGGG-1,2,2,2,2,6,11,4,9,2,2,2,0,7,4,27,4,2,2,2,4,0,4,8,3,3,8,2,2,2
L6.CTAACTTAGTCGATAA-1,2,2,2,2,6,11,4,9,2,2,2,31,-1,-1,-1,4,2,8,6,4,4,4,8,3,10,0,2,2,2
L6.CGTGTAAGTTGTGGAG-1,3,2,2,2,4,0,4,5,2,2,2,5,2,4,9,4,2,2,2,5,4,-1,-1,3,6,5,2,2,2
L6.CGTGAGCTCACTCCTG-1,4,2,2,2,2,9,2,7,2,2,2,5,2,6,5,4,6,24,5,6,5,2,11,-1,-1,-1,-1,-1,-1
L6.CGTCAGGTCGTACGGC-1,2,2,2,2,7,51,7,10,2,2,2,3,3,4,0,8,2,31,7,5,0,2,2,3,13,11,2,2,2
L6.CGTCAGGTCGAGAACG-1,-1,-1,-1,3,8,52,4,11,0,2,10,2,2,9,12,4,2,11,-1,-1,-1,7,8,13,14,12,-1,-1,-1
L6.CGTCACTCATGCTGGC-1,-1,-1,-1,2,2,5,5,6,2,2,2,3,19,19,38,5,2,0,7,13,6,2,24,3,2,2,-1,-1,-1
L6.CGTAGCGCACACAGAG-1,6,3,7,2,2,18,2,2,2,2,2,2,2,2,2,2,2,2,2,2,2,2,2,-1,-1,-1,-1,-1,-1
L6.CGTAGCGAGCCATCGC-1,2,2,2,2,2,2,2,2,2,2,2,2,2,2,2,2,2,2,2,2,2,2,2,6,14,12,-1,-1,-1
L6.CGGGTCAAGATAGCAT-1,2,2,2,2,6,11,4,9,2,2,2,7,7,4,0,4,2,8,6,4,4,4,13,3,10,0,2,2,2
L6.CGGCTAGTCTGGTTCC-1,4,2,2,2,2,5,2,7,2,2,2,5,8,20,0,8,2,2,2,6,5,2,8,3,23,2,-1,-1,-1
L6.CGGACGTGTTCGCTAA-1,3,2,2,2,12,39,4,20,2,2,2,5,2,4,0,8,2,0,12,5,4,-1,-1,3,5,24,2,2,2
L6.CGGACGTAGCATGGCA-1,13,2,2,2,5,10,6,21,2,2,2,5,2,4,39,4,2,27,-1,-1,-1,6,8,3,18,18,2,2,2
L6.CGCTTCAAGTGGGCTA-1,2,6,4,5,13,24,3,15,8,2,6,5,-1,-1,-1,5,6,24,13,12,0,3,8,10,3,26,4,6,5
L6.CGCTGGATCGATCCCT-1,2,2,2,2,6,11,4,9,2,4,2,15,7,4,25,4,2,0,6,4,4,4,14,3,10,0,2,8,2
L6.CGCTGGACAACGCACC-1,-1,-1,-1,2,2,5,3,3,2,2,2,6,6,3,40,3,2,8,3,3,3,6,3,3,3,0,-1,-1,-1
L6.CGCTATCGTAGCCTAT-1,2,2,2,2,6,11,4,9,2,2,2,16,7,4,11,4,2,32,7,4,4,4,0,14,24,33,-1,-1,-1
L6.CGATTGATCCTAAGTG-1,2,2,2,2,2,0,2,2,2,2,2,2,20,2,2,2,2,2,2,2,2,2,2,-1,-1,-1,-1,-1,-1
L6.CGATTGACACCCATGG-1,2,2,2,2,5,10,6,2,2,2,2,5,2,4,0,7,2,7,2,7,0,3,0,3,9,7,2,2,2
L6.CGATTGAAGAAACGAG-1,2,2,2,2,2,5,-1,-1,-1,2,2,2,8,2,0,2,2,2,2,2,2,2,2,0,0,0,-1,-1,-1
L6.CGATCGGTCACCACCT-1,4,2,2,2,2,9,2,7,2,2,2,5,2,6,35,-1,-1,-1,5,6,5,-1,-1,3,25,24,-1,-1,-1
L6.CGAGCACTCCTATGTT-1,4,2,2,2,2,0,2,7,2,2,2,5,2,10,14,4,2,7,14,6,5,2,13,3,26,34,-1,-1,-1
L6.CGAGAAGCATCCTTGC-1,2,2,2,2,6,11,4,9,2,2,2,5,7,4,5,4,2,8,6,4,4,4,8,3,10,0,2,2,2
L6.CGAGAAGAGGGATGGG-1,2,2,2,2,3,0,4,4,2,2,2,4,2,4,4,4,2,17,4,4,0,4,4,3,4,0,-1,-1,-1
L6.CGACTTCCATGTAAGA-1,2,2,2,2,5,10,6,10,2,2,11,32,2,4,0,7,2,7,2,7,4,3,25,3,9,7,2,2,2
L6.CCTCTGAAGAAACGAG-1,2,2,2,2,10,23,9,9,2,2,2,5,14,4,22,0,0,0,10,5,4,-1,-1,3,20,25,-1,-1,-1
L6.CCTCAGTAGAGTTGGC-1,-1,-1,-1,2,2,2,2,2,2,2,2,2,2,2,2,2,2,2,2,2,2,2,2,3,3,23,-1,-1,-1
L6.CCTAGCTCACATCCAA-1,2,2,2,2,2,9,4,12,2,2,2,15,13,13,19,4,2,17,3,10,0,9,3,3,3,21,-1,-1,-1
L6.CCTAGCTCACAGGCCT-1,-1,-1,-1,3,8,9,4,11,0,3,12,3,2,12,0,4,2,11,2,2,2,6,8,6,14,12,-1,-1,-1
L6.CCTACCAAGCGCTCCA-1,3,2,2,2,4,14,4,12,2,2,2,5,-1,-1,-1,4,2,2,7,5,4,-1,-1,3,15,2,-1,-1,-1
L6.CCTAAAGTCTCTAGGA-1,2,2,2,2,3,0,16,4,2,2,2,4,2,4,4,7,2,2,2,4,0,4,4,3,4,35,-1,-1,-1
L6.CCGGTAGCATCCTAGA-1,2,2,2,3,8,0,4,11,0,8,8,27,2,4,29,4,2,11,-1,-1,-1,3,5,11,14,12,2,7,0
L6.CCGGGATCAGGGTATG-1,3,2,2,2,4,53,4,5,2,2,2,5,2,4,8,4,2,15,8,5,4,-1,-1,3,11,9,-1,-1,-1
L6.CCCTCCTCAGCTGCTG-1,2,2,2,2,6,11,4,9,2,4,2,15,7,4,9,12,7,33,6,4,4,4,26,3,10,0,2,2,2
L6.CCCAATCTCACATGCA-1,2,2,2,2,2,33,3,3,2,2,2,6,6,3,0,3,2,5,3,3,3,6,3,3,3,0,-1,-1,-1
L6.CCAGCGACACGCATCG-1,7,2,2,2,2,2,2,2,2,2,2,2,2,2,2,2,2,2,2,2,2,2,2,-1,-1,-1,-1,-1,-1
L6.CCAATCCCAGTGGAGT-1,2,2,2,2,6,6,10,9,2,2,2,9,7,4,7,4,2,16,11,4,10,4,16,3,3,23,2,2,2
L6.CCAATCCAGTTACCCA-1,2,2,2,2,2,7,2,2,2,2,2,2,2,2,2,2,2,2,2,2,2,2,2,3,6,5,-1,-1,-1
L6.CATTCGCAGGGAAACA-1,2,2,2,2,2,47,2,2,2,2,2,2,2,2,0,2,2,2,2,2,2,2,2,-1,-1,-1,-1,-1,-1
L6.CATGGCGTCACTGGGC-1,2,2,2,2,7,54,-1,-1,-1,2,2,33,3,4,5,8,2,10,7,5,14,-1,-1,3,13,11,2,2,2
L6.CATCGAACACCTATCC-1,2,2,2,2,6,11,4,9,2,2,2,7,7,4,0,4,2,8,6,4,4,4,17,3,10,0,2,2,2
L6.CATCAGAGTGACGCCT-1,2,2,2,2,6,11,4,9,2,2,2,34,7,4,27,4,2,2,2,4,4,4,27,-1,-1,-1,-1,-1,-1
L6.CATCAAGAGTTCGCGC-1,-1,-1,-1,2,2,5,5,6,2,2,2,3,5,5,0,5,2,0,2,7,6,2,8,3,2,2,-1,-1,-1
L6.CAGTAACGTGAGTATA-1,2,2,2,2,2,55,2,2,2,2,2,2,2,2,5,2,2,2,2,2,2,2,2,3,13,11,-1,-1,-1
L6.CAGTAACGTCCAGTAT-1,2,2,2,2,6,11,4,9,2,2,2,7,7,4,5,4,2,8,6,4,4,4,19,3,10,0,2,2,2
L6.CAGCTAAAGGTAGCTG-1,5,2,2,2,2,0,2,7,2,2,2,5,-1,-1,-1,4,2,2,9,6,5,2,7,3,12,10,-1,-1,-1
L6.CAGCATATCATGCTCC-1,2,2,2,2,7,33,7,10,2,-1,-1,-1,3,4,10,8,2,2,7,5,4,-1,-1,3,13,11,2,2,2
L6.CAGCAGCGTGTGGTTT-1,2,2,2,2,2,0,2,2,2,2,2,2,2,2,2,2,2,2,3,2,2,2,2,-1,-1,-1,-1,-1,-1
L6.CAGCAGCCATTGGTAC-1,2,2,2,2,2,5,2,2,2,2,2,2,2,2,5,2,2,2,2,2,2,2,2,-1,-1,-1,-1,-1,-1
L6.CAGCAGCAGTTCCACA-1,3,2,2,2,4,56,4,5,2,2,2,5,8,4,9,4,2,5,2,5,4,-1,-1,3,6,5,-1,-1,-1
L6.CAGATCAGTCGAACAG-1,-1,-1,-1,2,2,2,2,2,2,2,2,2,-1,-1,-1,2,2,2,2,2,2,2,2,-1,-1,-1,0,0,0
L6.CAGATCAAGATGCCTT-1,2,2,2,2,7,5,5,6,2,-1,-1,-1,-1,-1,-1,4,2,19,2,2,2,-1,-1,3,13,9,2,2,2
L6.CAGAGAGTCATCTGTT-1,2,2,2,2,10,23,9,9,2,2,2,2,14,4,41,8,2,11,10,5,4,2,2,3,20,2,2,2,2
L6.CAGAGAGTCAAACAAG-1,2,2,2,2,6,8,4,9,2,2,2,7,7,4,42,4,2,10,12,4,10,4,16,3,18,18,2,2,2
L6.CAGAGAGCAGGCAGTA-1,2,2,2,2,2,0,3,3,2,2,2,6,6,3,0,3,2,5,3,3,3,6,3,3,3,36,-1,-1,-1
L6.CACATTTGTATTCGTG-1,4,2,2,2,2,9,2,7,2,2,2,5,2,6,25,6,2,0,5,6,5,2,8,-1,-1,-1,-1,-1,-1
L6.CACATAGGTAGCTTGT-1,2,2,2,2,2,9,4,12,2,2,2,15,13,13,19,4,2,17,3,10,4,9,3,3,3,21,-1,-1,-1
L6.CACAGTACAGACACTT-1,5,2,2,2,2,9,2,7,2,2,2,5,2,8,9,4,2,2,2,6,5,2,5,3,12,24,-1,-1,-1
L6.CACAGGCTCGATGAGG-1,-1,-1,-1,2,2,5,5,6,2,2,2,5,5,5,5,5,2,2,-1,-1,-1,2,5,3,7,2,-1,-1,-1
L6.CACAGGCGTTTACTCT-1,-1,-1,-1,2,2,5,5,6,2,2,2,5,5,5,5,5,2,34,-1,-1,-1,2,28,3,7,2,-1,-1,-1
L6.CACACTCTCCTTGACC-1,2,2,2,2,6,11,4,9,2,2,2,7,7,4,0,4,2,8,6,4,4,4,21,3,10,0,2,2,2
L6.CAAGTTGTCTACTATC-1,3,2,2,2,4,5,4,5,2,2,2,5,2,4,5,4,2,2,2,5,4,-1,-1,3,6,5,7,2,2
L6.CAACCTCGTTTCGCTC-1,14,8,6,2,5,10,17,22,2,2,2,5,21,4,0,13,8,35,2,5,4,-1,-1,3,18,18,2,2,2
L6.CAACCTCCAATCTACG-1,6,3,8,4,9,0,8,5,12,2,4,10,11,17,35,2,2,2,2,9,16,3,13,8,17,0,-1,-1,-1
L6.CAACCTCAGCCCAATT-1,2,2,2,2,2,57,2,2,2,2,2,2,2,2,2,2,2,2,2,2,2,2,2,3,5,0,-1,-1,-1
L6.ATTGGTGCACGCATCG-1,2,2,2,2,2,9,3,3,2,2,2,3,12,3,0,3,2,3,3,3,3,3,3,3,3,3,-1,-1,-1
L6.ATTGGTGAGAGTACAT-1,2,2,2,4,15,6,2,2,2,2,2,2,2,2,2,2,2,2,2,2,2,2,2,-1,-1,-1,-1,-1,-1
L6.ATTGGTGAGACTAGAT-1,2,2,2,2,6,11,4,9,2,4,2,35,7,4,5,4,2,2,6,4,4,4,8,3,10,0,-1,-1,-1
L6.ATTGGACTCTGATTCT-1,2,2,2,2,2,58,2,2,2,2,2,2,2,2,2,2,2,2,2,2,2,2,2,-1,-1,-1,-1,-1,-1
L6.ATTATCCAGCGGATCA-1,6,3,9,4,9,0,8,5,12,2,4,10,11,17,35,14,9,36,2,9,4,6,29,8,17,6,-1,-1,-1
L6.ATTATCCAGCGCTCCA-1,3,2,2,2,4,27,4,9,2,2,2,5,22,21,43,-1,-1,-1,2,5,4,-1,-1,3,6,5,2,2,2
L6.ATTACTCTCCTTTCTC-1,2,2,2,2,14,14,5,6,2,2,2,36,10,4,0,4,2,10,15,5,4,-1,-1,3,13,37,2,2,2
L6.ATGGGAGAGATATGGT-1,2,2,2,2,2,5,2,23,2,-1,-1,-1,2,14,25,10,4,18,16,14,17,2,2,3,5,22,-1,-1,-1
L6.ATGGGAGAGAGACTTA-1,2,2,2,2,2,2,2,2,2,2,2,2,9,2,15,2,2,2,2,2,2,2,2,-1,-1,-1,-1,-1,-1
L6.ATGCGATTCCTGCAGG-1,2,2,2,2,6,24,10,9,2,2,2,9,7,4,20,4,2,16,11,4,10,4,16,3,3,23,2,2,2
L6.ATCTACTAGAGGGATA-1,-1,-1,-1,2,2,5,2,7,2,2,2,5,2,20,0,8,2,2,2,6,5,2,30,3,23,2,-1,-1,-1
L6.ATCGAGTGTAGCACGA-1,2,2,2,2,6,11,4,9,2,2,2,5,7,4,0,4,2,8,6,4,4,4,0,3,10,0,2,2,2
L6.ATCCACCGTAGAAGGA-1,2,2,2,2,5,10,6,24,2,2,2,5,2,4,9,15,2,27,-1,-1,-1,9,8,3,18,18,2,2,2
L6.ATCATGGCAGCTGGCT-1,2,2,2,2,7,59,7,2,2,2,2,33,3,4,5,8,2,16,7,5,14,-1,-1,3,13,11,2,2,2
L6.ATAGACCAGCGACGTA-1,2,2,2,2,6,11,4,9,2,2,2,15,7,4,44,4,2,8,6,4,4,4,8,3,10,0,2,2,2
L6.AGTGAGGCAACGATCT-1,3,2,2,2,4,5,4,12,2,2,2,5,-1,-1,-1,4,2,12,7,5,4,-1,-1,3,15,13,2,2,2
L6.AGTCTTTAGCTAACAA-1,2,2,2,2,7,2,5,6,2,-1,-1,-1,3,4,0,4,2,19,7,5,0,-1,-1,3,13,0,-1,-1,-1
L6.AGGGTGACACCACGTG-1,3,2,2,2,4,0,4,25,2,2,2,5,7,4,0,4,2,5,2,5,4,-1,-1,3,6,5,2,2,2
L6.AGGGATGTCGTTGACA-1,3,2,2,2,4,5,4,9,2,2,2,5,23,4,25,4,2,0,2,5,4,-1,-1,3,6,5,2,2,2
L6.AGGGAGTAGACAGACC-1,2,2,2,2,5,10,6,26,2,2,2,5,2,4,39,4,2,27,-1,-1,-1,6,8,3,18,18,2,2,2
L6.AGGCCGTCAGGACCCT-1,2,2,2,2,10,23,9,9,2,2,2,37,14,4,22,8,2,21,10,5,4,-1,-1,3,20,25,-1,-1,-1
L6.AGCTTGACACCCTATC-1,3,2,2,2,4,5,4,5,2,2,2,5,2,4,5,4,2,2,5,5,4,3,8,3,6,5,2,2,2
L6.AGCTCCTGTCGAAAGC-1,4,2,2,2,2,9,2,7,2,2,2,5,8,6,5,-1,-1,-1,5,6,5,2,11,-1,-1,-1,-1,-1,-1
L6.AGCGGTCTCTGGTATG-1,2,2,2,2,16,6,-1,-1,-1,2,2,0,-1,-1,-1,5,2,2,-1,-1,-1,-1,-1,3,13,15,-1,-1,-1
L6.AGCATACCACGGATAG-1,2,2,2,2,2,2,2,2,2,2,2,2,2,2,2,2,2,2,17,2,2,2,2,-1,-1,-1,-1,-1,-1
L6.AGAGTGGGTTGCCTCT-1,-1,-1,-1,2,2,5,2,2,2,2,2,2,2,2,2,2,2,2,2,2,2,2,2,15,6,5,-1,-1,-1
L6.AGACGTTCATCGATGT-1,2,2,2,2,6,5,14,18,2,2,2,5,2,4,5,4,2,37,7,5,4,-1,-1,3,15,2,2,2,2
L6.ACTGCTCCATGTTGAC-1,2,2,2,2,6,11,4,9,2,2,2,8,7,4,31,4,2,38,7,4,5,4,9,3,3,8,2,2,2
L6.ACTGATGGTTGACGTT-1,-1,-1,-1,2,6,5,14,18,2,2,2,5,2,4,5,4,2,16,7,5,4,-1,-1,3,15,2,2,2,2
L6.ACTGAACGTTAAGATG-1,2,2,2,2,2,0,3,3,2,2,2,35,6,3,0,3,2,22,3,3,3,6,3,3,3,0,-1,-1,-1
L6.ACTGAACCAGCAGTTT-1,2,2,2,2,7,0,5,6,2,2,13,38,3,4,0,8,2,5,7,5,15,2,2,3,13,11,2,2,2
L6.ACGGGTCGTGGTCTCG-1,2,2,2,2,2,60,2,2,2,2,2,2,2,2,2,2,2,2,2,2,2,2,2,-1,-1,-1,-1,-1,-1
L6.ACGGCCAAGCTGGAAC-1,2,2,2,2,2,9,3,3,2,2,2,3,12,3,45,3,2,3,3,3,3,3,3,3,3,3,-1,-1,-1
L6.ACGGAGAGTAAGGGCT-1,2,2,2,2,10,23,9,9,2,2,2,5,14,4,9,8,2,39,10,5,4,3,8,3,20,30,2,2,2
L6.ACGGAGAAGCTAGCCC-1,2,2,2,2,6,11,4,9,2,2,2,35,7,4,0,4,2,5,6,4,18,4,0,3,10,0,-1,-1,-1
L6.ACGCCGACAGTCGATT-1,7,9,10,-1,-1,-1,3,3,2,2,2,3,10,3,11,3,2,13,3,3,3,3,3,3,3,15,-1,-1,-1
L6.ACGCCGAAGGAATCGC-1,3,2,2,2,4,8,4,0,2,2,2,5,2,4,5,4,2,6,2,5,4,2,2,3,6,5,2,2,2
L6.ACGCCAGCAGTGAGTG-1,2,2,2,2,6,5,4,9,2,2,2,39,7,4,0,4,2,0,12,4,10,4,16,3,23,2,2,9,6
L6.ACGAGCCGTGCACTTA-1,2,2,2,2,6,11,4,9,2,2,2,0,7,4,0,4,2,8,6,4,4,4,0,3,10,0,-1,-1,-1
L6.ACCGTAATCGCCAAAT-1,2,2,2,2,7,5,5,6,2,-1,-1,-1,3,4,0,4,2,19,7,5,0,-1,-1,3,13,9,5,2,2
L6.ACCGTAAAGTGTTTGC-1,2,2,2,2,10,23,9,9,2,2,2,0,-1,-1,-1,8,2,25,10,5,4,-1,-1,3,20,0,2,2,2
L6.ACCGTAAAGTCCGGTC-1,2,2,2,2,2,18,2,2,2,2,2,2,2,2,2,2,2,2,2,2,2,2,2,5,16,38,-1,-1,-1
L6.ACATGGTTCAGCTCGG-1,2,2,2,2,2,5,2,2,2,2,2,2,2,2,0,2,2,2,2,2,2,2,2,3,5,0,-1,-1,-1
L6.ACATGGTTCACGACTA-1,2,2,2,2,10,23,9,9,2,2,2,5,14,4,22,8,2,21,10,5,4,-1,-1,3,20,25,2,2,2
L6.ACATACGCACGTGAGA-1,2,2,2,2,2,5,2,2,2,-1,-1,-1,8,2,2,2,2,2,2,2,2,2,2,-1,-1,-1,-1,-1,-1
L6.ACACTGAAGTCCTCCT-1,2,2,2,2,6,19,4,9,2,2,2,0,7,4,0,4,2,10,2,4,10,4,16,3,18,18,2,2,2
L6.ACACCAAAGTGTACGG-1,2,2,2,2,6,11,4,9,2,2,2,0,7,4,0,-1,-1,-1,6,4,15,4,0,3,10,0,-1,-1,-1
L6.AATCGGTTCTTGCCGT-1,2,2,2,2,2,0,7,10,2,2,2,3,3,4,0,8,2,40,7,5,4,-1,-1,3,13,11,2,2,2
L6.AAGTCTGCACATTTCT-1,2,2,2,2,7,2,5,6,2,-1,-1,-1,3,4,18,4,2,19,7,5,4,-1,-1,3,13,0,2,2,2
L6.AAGGTTCCAGGAATCG-1,3,2,2,2,4,5,4,12,2,2,2,5,2,4,0,4,2,2,7,5,4,-1,-1,3,15,13,2,2,2
L6.AACTTTCAGGGCTTCC-1,2,2,2,2,6,11,4,9,2,2,2,7,7,4,0,4,2,8,6,4,4,4,0,3,27,0,2,2,2
L6.AACTCAGGTGGGTCAA-1,2,2,2,2,2,18,2,2,2,2,2,2,2,2,2,2,2,2,2,2,2,2,2,8,8,6,-1,-1,-1
L6.AACCATGTCTCGTTTA-1,-1,-1,-1,3,8,61,4,11,13,2,14,2,2,9,12,4,2,11,-1,-1,-1,7,0,13,14,12,-1,-1,-1
L6.AACCATGGTTAAGTAG-1,4,2,2,2,17,9,2,7,2,2,2,5,2,6,5,-1,-1,-1,5,6,5,2,11,-1,-1,-1,-1,-1,-1
L6.AAATGCCCAGATTGCT-1,2,10,0,3,8,0,4,11,4,10,12,5,-1,-1,-1,4,2,11,-1,-1,-1,6,8,7,14,12,8,7,0
L6.AAACGGGCACCACCAG-1,2,2,2,3,8,5,4,11,0,8,8,27,2,4,29,4,2,11,-1,-1,-1,3,5,11,14,12,2,7,0
